index,Unnamed: 0,name,album_name,artist_name,artist_id,album_release_date,album_type,available_markets,length,popularity,trackid,mode,key,acousticness,danceability,energy,instrumentalness,liveness,loudness,speechiness,valence,tempo,time_signature
0,0,Como Estrellas,Como Estrellas,LA YOUNG,2Xi0zO1N71Ff9KymMs93YX,2019-10-21,single,"['AD', 'AE', 'AL', 'AR', 'AT', 'AU', 'BA', 'BE', 'BG', 'BH', 'BO', 'BR', 'BY', 'CA', 'CH', 'CL', 'CO', 'CR', 'CY', 'CZ', 'DE', 'DK', 'DO', 'DZ', 'EC', 'EE', 'EG', 'ES', 'FI', 'FR', 'GB', 'GR', 'GT', 'HK', 'HN', 'HR', 'HU', 'ID', 'IE', 'IL', 'IN', 'IS', 'IT', 'JO', 'JP', 'KW', 'KZ', 'LB', 'LI', 'LT', 'LU', 'LV', 'MA', 'MC', 'MD', 'ME', 'MK', 'MT', 'MX', 'MY', 'NI', 'NL', 'NO', 'NZ', 'OM', 'PA', 'PE', 'PH', 'PL', 'PS', 'PT', 'PY', 'QA', 'RO', 'RS', 'RU', 'SA', 'SE', 'SG', 'SI', 'SK', 'SV', 'TH', 'TN', 'TR', 'TW', 'UA', 'US', 'UY', 'VN', 'XK', 'ZA']",219000,77,3Iql4v0ISjuMqj7MNkuWJX,1,6,0.765,0.446,0.496,0.0,0.259,-6.051,0.0857,0.763,170.145,4
1,1,Stay (with Alessia Cara),Stay,Zedd,2qxJFvFYMEDqd7ui6kSAcq,2017-02-23,single,[],210090,3,0dA2Mk56wEzDgegdC6R17g,0,5,0.23199999999999998,0.679,0.634,0.0,0.115,-5.024,0.0654,0.498,102.01299999999999,4
2,2,Relación - Remix,Relación (Remix),Sech,77ziqFxp5gaInVrF2lj4ht,2020-09-04,single,"['AD', 'AE', 'AL', 'AR', 'AT', 'AU', 'BA', 'BE', 'BG', 'BH', 'BO', 'BR', 'BY', 'CA', 'CH', 'CL', 'CO', 'CR', 'CY', 'CZ', 'DE', 'DK', 'DO', 'DZ', 'EC', 'EE', 'EG', 'ES', 'FI', 'FR', 'GB', 'GR', 'GT', 'HK', 'HN', 'HR', 'HU', 'ID', 'IE', 'IL', 'IN', 'IS', 'IT', 'JO', 'JP', 'KW', 'KZ', 'LB', 'LI', 'LT', 'LU', 'LV', 'MA', 'MC', 'MD', 'ME', 'MK', 'MT', 'MX', 'MY', 'NI', 'NL', 'NO', 'NZ', 'OM', 'PA', 'PE', 'PH', 'PL', 'PS', 'PT', 'PY', 'QA', 'RO', 'RS', 'RU', 'SA', 'SE', 'SG', 'SI', 'SK', 'SV', 'TH', 'TN', 'TR', 'TW', 'UA', 'US', 'UY', 'VN', 'XK', 'ZA']",247308,89,35UUpTmrcFXNIVIN26ujXl,1,5,0.0337,0.7929999999999999,0.7709999999999999,1.51e-06,0.284,-3.417,0.0959,0.835,171.94299999999998,4
3,3,"Feels (feat. Pharrell Williams, Katy Perry & Big Sean)",Funk Wav Bounces Vol.1,Calvin Harris,7CajNmpbOovFoOoasH2HaY,2017-06-30,album,"['AD', 'AE', 'AL', 'AR', 'AT', 'AU', 'BA', 'BE', 'BG', 'BH', 'BO', 'BR', 'BY', 'CA', 'CH', 'CL', 'CO', 'CR', 'CY', 'CZ', 'DE', 'DK', 'DO', 'DZ', 'EC', 'EE', 'EG', 'ES', 'FI', 'FR', 'GB', 'GR', 'GT', 'HK', 'HN', 'HR', 'HU', 'ID', 'IE', 'IL', 'IS', 'IT', 'JO', 'JP', 'KW', 'KZ', 'LB', 'LI', 'LT', 'LU', 'LV', 'MA', 'MC', 'MD', 'ME', 'MK', 'MT', 'MX', 'MY', 'NI', 'NL', 'NO', 'NZ', 'OM', 'PA', 'PE', 'PH', 'PL', 'PS', 'PT', 'PY', 'QA', 'RO', 'RS', 'RU', 'SA', 'SE', 'SG', 'SI', 'SK', 'SV', 'TH', 'TN', 'TR', 'TW', 'UA', 'US', 'UY', 'VN', 'XK', 'ZA']",223413,77,5bcTCxgc7xVfSaMV3RuVke,0,11,0.0642,0.893,0.745,0.0,0.0943,-3.105,0.0571,0.872,101.01799999999999,4
4,4,Caramelo,ENOC,Ozuna,1i8SpTcr7yvPOmcqrbnVXY,2020-09-04,album,"['AD', 'AE', 'AL', 'AR', 'AT', 'AU', 'BA', 'BE', 'BG', 'BH', 'BO', 'BR', 'BY', 'CA', 'CH', 'CL', 'CO', 'CR', 'CY', 'CZ', 'DE', 'DK', 'DO', 'DZ', 'EC', 'EE', 'EG', 'ES', 'FI', 'FR', 'GB', 'GR', 'GT', 'HK', 'HN', 'HR', 'HU', 'ID', 'IE', 'IL', 'IN', 'IS', 'IT', 'JO', 'JP', 'KW', 'KZ', 'LB', 'LI', 'LT', 'LU', 'LV', 'MA', 'MC', 'MD', 'ME', 'MK', 'MT', 'MX', 'MY', 'NI', 'NL', 'NO', 'NZ', 'OM', 'PA', 'PE', 'PH', 'PL', 'PS', 'PT', 'PY', 'QA', 'RO', 'RS', 'RU', 'SA', 'SE', 'SG', 'SI', 'SK', 'SV', 'TH', 'TN', 'TR', 'TW', 'UA', 'US', 'UY', 'VN', 'XK', 'ZA']",217240,79,5Jm4w8jmPEBTLjI9vH4fXo,1,6,0.0529,0.735,0.7909999999999999,0.000146,0.145,-4.462,0.0679,0.6970000000000001,168.08700000000002,4
5,5,Una Locura,ENOC,Ozuna,1i8SpTcr7yvPOmcqrbnVXY,2020-09-04,album,"['AD', 'AE', 'AL', 'AR', 'AT', 'AU', 'BA', 'BE', 'BG', 'BH', 'BO', 'BR', 'BY', 'CA', 'CH', 'CL', 'CO', 'CR', 'CY', 'CZ', 'DE', 'DK', 'DO', 'DZ', 'EC', 'EE', 'EG', 'ES', 'FI', 'FR', 'GB', 'GR', 'GT', 'HK', 'HN', 'HR', 'HU', 'ID', 'IE', 'IL', 'IN', 'IS', 'IT', 'JO', 'JP', 'KW', 'KZ', 'LB', 'LI', 'LT', 'LU', 'LV', 'MA', 'MC', 'MD', 'ME', 'MK', 'MT', 'MX', 'MY', 'NI', 'NL', 'NO', 'NZ', 'OM', 'PA', 'PE', 'PH', 'PL', 'PS', 'PT', 'PY', 'QA', 'RO', 'RS', 'RU', 'SA', 'SE', 'SG', 'SI', 'SK', 'SV', 'TH', 'TN', 'TR', 'TW', 'UA', 'US', 'UY', 'VN', 'XK', 'ZA']",230693,85,5y7DaS3jAc9eZzcSOoUIwU,0,5,0.139,0.7140000000000001,0.7609999999999999,0.00035,0.24100000000000002,-4.596,0.0427,0.9059999999999999,168.02200000000002,4
6,6,La Curiosidad,Platonicos,Jay Wheeler,2cPqdH7XMvwaBJEVjheH8g,2020-06-12,album,"['AD', 'AE', 'AL', 'AR', 'AT', 'AU', 'BA', 'BE', 'BG', 'BH', 'BO', 'BR', 'BY', 'CA', 'CH', 'CL', 'CO', 'CR', 'CY', 'CZ', 'DE', 'DK', 'DO', 'DZ', 'EC', 'EE', 'EG', 'ES', 'FI', 'FR', 'GB', 'GR', 'GT', 'HK', 'HN', 'HR', 'HU', 'ID', 'IE', 'IL', 'IN', 'IS', 'IT', 'JO', 'JP', 'KW', 'KZ', 'LB', 'LI', 'LT', 'LU', 'LV', 'MA', 'MC', 'MD', 'ME', 'MK', 'MT', 'MX', 'MY', 'NI', 'NL', 'NO', 'NZ', 'OM', 'PA', 'PE', 'PH', 'PL', 'PS', 'PT', 'PY', 'QA', 'RO', 'RS', 'RU', 'SA', 'SE', 'SG', 'SI', 'SK', 'SV', 'TH', 'TN', 'TR', 'TW', 'UA', 'US', 'UY', 'VN', 'XK', 'ZA']",219048,93,4HYDUMY0xSpeBr0AMY9cUz,0,11,0.26899999999999996,0.845,0.677,0.000917,0.10800000000000001,-4.798,0.136,0.68,90.01299999999999,4
7,7,2U (feat. Justin Bieber),2U (feat. Justin Bieber),David Guetta,1Cs0zKBU1kc0i8ypK3B9ai,2017-06-09,single,"['AD', 'AE', 'AL', 'AR', 'AT', 'AU', 'BA', 'BE', 'BG', 'BH', 'BO', 'BR', 'BY', 'CH', 'CL', 'CO', 'CR', 'CY', 'CZ', 'DE', 'DK', 'DO', 'DZ', 'EC', 'EE', 'EG', 'ES', 'FI', 'FR', 'GB', 'GR', 'GT', 'HK', 'HN', 'HR', 'HU', 'ID', 'IE', 'IL', 'IN', 'IS', 'IT', 'JO', 'JP', 'KW', 'KZ', 'LB', 'LI', 'LT', 'LU', 'LV', 'MA', 'MC', 'MD', 'ME', 'MK', 'MT', 'MY', 'NI', 'NL', 'NO', 'NZ', 'OM', 'PA', 'PE', 'PH', 'PL', 'PS', 'PT', 'PY', 'QA', 'RO', 'RS', 'RU', 'SA', 'SE', 'SG', 'SI', 'SK', 'SV', 'TH', 'TN', 'TR', 'TW', 'UA', 'UY', 'VN', 'XK', 'ZA']",194896,70,3A7qX2QjDlPnazUsRk5y0M,0,8,0.21899999999999997,0.5479999999999999,0.65,0.0,0.225,-5.827000000000001,0.0591,0.557,144.937,4
8,8,Hey DJ,Hey DJ,CNCO,0eecdvMrqBftK0M1VKhaF4,2017-04-07,single,[],205520,2,209gZgcfLq2aUuu51vOWBl,1,5,0.0309,0.792,0.8190000000000001,0.0,0.389,-5.417999999999999,0.0867,0.433,89.98,4
9,9,La Jeepeta - Remix,Now Or Never,Nio Garcia,5hdhHgpxyniooUiQVaPxQ0,2020-07-24,album,"['AD', 'AE', 'AL', 'AR', 'AT', 'AU', 'BA', 'BE', 'BG', 'BH', 'BO', 'BR', 'BY', 'CA', 'CH', 'CL', 'CO', 'CR', 'CY', 'CZ', 'DE', 'DK', 'DO', 'DZ', 'EC', 'EE', 'EG', 'ES', 'FI', 'FR', 'GB', 'GR', 'GT', 'HK', 'HN', 'HR', 'HU', 'ID', 'IE', 'IL', 'IN', 'IS', 'IT', 'JO', 'JP', 'KW', 'KZ', 'LB', 'LI', 'LT', 'LU', 'LV', 'MA', 'MC', 'MD', 'ME', 'MK', 'MT', 'MX', 'MY', 'NI', 'NL', 'NO', 'NZ', 'OM', 'PA', 'PE', 'PH', 'PL', 'PS', 'PT', 'PY', 'QA', 'RO', 'RS', 'RU', 'SA', 'SE', 'SG', 'SI', 'SK', 'SV', 'TH', 'TN', 'TR', 'TW', 'UA', 'US', 'UY', 'VN', 'XK', 'ZA']",345240,84,6bvfJf4KjonPMuPfGfy3S2,0,4,0.297,0.8140000000000001,0.7140000000000001,4.89e-06,0.091,-4.65,0.207,0.789,176.013,4
10,10,SUBEME LA RADIO (feat. Descemer Bueno & Zion & Lennox),SUBEME LA RADIO (feat. Descemer Bueno & Zion & Lennox),Enrique Iglesias,7qG3b048QCHVRO5Pv1T5lw,2017-02-24,single,"['AD', 'AE', 'AL', 'AR', 'AT', 'AU', 'BA', 'BE', 'BG', 'BH', 'BO', 'BR', 'BY', 'CA', 'CH', 'CL', 'CO', 'CR', 'CY', 'CZ', 'DE', 'DK', 'DO', 'DZ', 'EC', 'EE', 'EG', 'ES', 'FI', 'FR', 'GB', 'GR', 'GT', 'HK', 'HN', 'HR', 'HU', 'ID', 'IE', 'IL', 'IN', 'IS', 'IT', 'JO', 'JP', 'KW', 'KZ', 'LB', 'LI', 'LT', 'LU', 'LV', 'MA', 'MC', 'MD', 'ME', 'MK', 'MT', 'MX', 'MY', 'NI', 'NL', 'NO', 'NZ', 'OM', 'PA', 'PE', 'PH', 'PL', 'PS', 'PT', 'PY', 'QA', 'RO', 'RS', 'RU', 'SA', 'SE', 'SG', 'SI', 'SK', 'SV', 'TH', 'TN', 'TR', 'TW', 'UA', 'US', 'UY', 'VN', 'XK', 'ZA']",208162,74,7nKBxz47S9SD79N086fuhn,0,9,0.0744,0.684,0.823,0.0,0.111,-3.2969999999999997,0.0773,0.647,91.04799999999999,4
11,11,Si Tú La Quieres,Si Tú La Quieres,David Bisbal,5gOJTI4TusSENizxhcG7jB,2020-04-02,single,"['AD', 'AE', 'AL', 'AR', 'AT', 'AU', 'BA', 'BE', 'BG', 'BH', 'BO', 'BR', 'BY', 'CA', 'CH', 'CL', 'CO', 'CR', 'CY', 'CZ', 'DE', 'DK', 'DO', 'DZ', 'EC', 'EE', 'EG', 'ES', 'FI', 'FR', 'GB', 'GR', 'GT', 'HK', 'HN', 'HR', 'HU', 'ID', 'IE', 'IL', 'IN', 'IS', 'IT', 'JO', 'JP', 'KW', 'KZ', 'LB', 'LI', 'LT', 'LU', 'LV', 'MA', 'MC', 'MD', 'ME', 'MK', 'MT', 'MX', 'MY', 'NI', 'NL', 'NO', 'NZ', 'OM', 'PA', 'PE', 'PH', 'PL', 'PS', 'PT', 'PY', 'QA', 'RO', 'RS', 'RU', 'SA', 'SE', 'SG', 'SI', 'SK', 'SV', 'TH', 'TN', 'TR', 'TW', 'UA', 'US', 'UY', 'VN', 'XK', 'ZA']",224761,77,35qwAQ3oZeKAMhR3hCV9IM,0,0,0.147,0.748,0.778,1.57e-06,0.09300000000000001,-4.582,0.0685,0.607,100.053,4
12,12,Thunder,Evolve,Imagine Dragons,53XhwfbYqKCa1cC15pYq2q,2017-06-23,album,[],187146,4,0tKcYR2II1VCQWT79i5NrW,1,0,0.00683,0.6,0.81,0.21,0.155,-4.749,0.0479,0.298,167.88,4
13,13,Hawái,PAPI JUANCHO,Maluma,1r4hJ1h58CWwUQe3MxPuau,2020-08-21,album,"['AD', 'AE', 'AL', 'AR', 'AT', 'AU', 'BA', 'BE', 'BG', 'BH', 'BO', 'BR', 'BY', 'CA', 'CH', 'CL', 'CO', 'CR', 'CY', 'CZ', 'DE', 'DK', 'DO', 'DZ', 'EC', 'EE', 'EG', 'ES', 'FI', 'FR', 'GB', 'GR', 'GT', 'HK', 'HN', 'HR', 'HU', 'ID', 'IE', 'IL', 'IN', 'IS', 'IT', 'JO', 'JP', 'KW', 'KZ', 'LB', 'LI', 'LT', 'LU', 'LV', 'MA', 'MC', 'MD', 'ME', 'MK', 'MT', 'MX', 'MY', 'NI', 'NL', 'NO', 'NZ', 'OM', 'PA', 'PE', 'PH', 'PL', 'PS', 'PT', 'PY', 'QA', 'RO', 'RS', 'RU', 'SA', 'SE', 'SG', 'SI', 'SK', 'SV', 'TH', 'TN', 'TR', 'TW', 'UA', 'US', 'UY', 'VN', 'XK', 'ZA']",199112,89,1yoMvmasuxZfqHEipJhRbp,0,6,0.185,0.7829999999999999,0.727,2.46e-05,0.0626,-3.4539999999999997,0.389,0.5579999999999999,180.067,4
14,14,Me Rehúso,Me Rehúso,Danny Ocean,5H1nN1SzW0qNeUEZvuXjAj,2016-09-16,single,[],205741,1,6Zosz8w6CmdGMZM6p4JlbQ,1,1,0.0258,0.746,0.794,0.0,0.0497,-6.331,0.0698,0.447,104.82700000000001,4
15,15,Reggaetonera,Emmanuel,Anuel AA,2R21vXR83lH98kGeO99Y66,2020-05-29,album,"['AD', 'AE', 'AL', 'AR', 'AT', 'AU', 'BA', 'BE', 'BG', 'BH', 'BO', 'BR', 'BY', 'CA', 'CH', 'CL', 'CO', 'CR', 'CY', 'CZ', 'DE', 'DK', 'DO', 'DZ', 'EC', 'EE', 'EG', 'ES', 'FI', 'FR', 'GB', 'GR', 'GT', 'HK', 'HN', 'HR', 'HU', 'ID', 'IE', 'IL', 'IN', 'IS', 'IT', 'JO', 'JP', 'KW', 'KZ', 'LB', 'LI', 'LT', 'LU', 'LV', 'MA', 'MC', 'MD', 'ME', 'MK', 'MT', 'MX', 'MY', 'NI', 'NL', 'NO', 'NZ', 'OM', 'PA', 'PE', 'PH', 'PL', 'PS', 'PT', 'PY', 'QA', 'RO', 'RS', 'RU', 'SA', 'SE', 'SG', 'SI', 'SK', 'SV', 'TH', 'TN', 'TR', 'TW', 'UA', 'US', 'UY', 'VN', 'XK', 'ZA']",212312,84,6yVkakCN460KOVol9ZazjH,1,6,0.48,0.6940000000000001,0.7959999999999999,0.000384,0.10800000000000001,-4.164,0.0565,0.515,93.064,4
16,16,4 besos,4 besos,Lola Indigo,3bvfu2KAve4lPHrhEFDZna,2020-03-27,single,"['AD', 'AE', 'AL', 'AR', 'AT', 'AU', 'BA', 'BE', 'BG', 'BH', 'BO', 'BR', 'BY', 'CA', 'CH', 'CL', 'CO', 'CR', 'CY', 'CZ', 'DE', 'DK', 'DO', 'DZ', 'EC', 'EE', 'EG', 'ES', 'FI', 'FR', 'GB', 'GR', 'GT', 'HK', 'HN', 'HR', 'HU', 'ID', 'IE', 'IL', 'IN', 'IS', 'IT', 'JO', 'JP', 'KW', 'KZ', 'LB', 'LI', 'LT', 'LU', 'LV', 'MA', 'MC', 'MD', 'ME', 'MK', 'MT', 'MX', 'MY', 'NI', 'NL', 'NO', 'NZ', 'OM', 'PA', 'PE', 'PH', 'PL', 'PS', 'PT', 'PY', 'QA', 'RO', 'RS', 'RU', 'SA', 'SE', 'SG', 'SI', 'SK', 'SV', 'TH', 'TN', 'TR', 'TW', 'UA', 'US', 'UY', 'VN', 'XK', 'ZA']",232526,74,49QwoSLuV69Fd8bwTqdZvs,0,1,0.21600000000000003,0.865,0.6579999999999999,4.72e-06,0.0325,-3.035,0.08,0.713,90.015,4
17,17,Favorito,Por Primera Vez,Camilo,28gNT5KBp7IjEOQoevXf9N,2020-04-17,album,"['AD', 'AE', 'AL', 'AR', 'AT', 'AU', 'BA', 'BE', 'BG', 'BH', 'BO', 'BR', 'BY', 'CA', 'CH', 'CL', 'CO', 'CR', 'CY', 'CZ', 'DE', 'DK', 'DO', 'DZ', 'EC', 'EE', 'EG', 'ES', 'FI', 'FR', 'GB', 'GR', 'GT', 'HK', 'HN', 'HR', 'HU', 'ID', 'IE', 'IL', 'IN', 'IS', 'IT', 'JO', 'JP', 'KW', 'KZ', 'LB', 'LI', 'LT', 'LU', 'LV', 'MA', 'MC', 'MD', 'ME', 'MK', 'MT', 'MX', 'MY', 'NI', 'NL', 'NO', 'NZ', 'OM', 'PA', 'PE', 'PH', 'PL', 'PS', 'PT', 'PY', 'QA', 'RO', 'RS', 'RU', 'SA', 'SE', 'SG', 'SI', 'SK', 'SV', 'TH', 'TN', 'TR', 'TW', 'UA', 'US', 'UY', 'VN', 'XK', 'ZA']",209765,82,0jT8Nl0shPS8115is0wD2Q,1,9,0.237,0.606,0.853,0.0,0.251,-2.975,0.0545,0.8220000000000001,178.043,4
18,18,Del Mar,ENOC,Ozuna,1i8SpTcr7yvPOmcqrbnVXY,2020-09-04,album,"['AD', 'AE', 'AL', 'AR', 'AT', 'AU', 'BA', 'BE', 'BG', 'BH', 'BO', 'BR', 'BY', 'CA', 'CH', 'CL', 'CO', 'CR', 'CY', 'CZ', 'DE', 'DK', 'DO', 'DZ', 'EC', 'EE', 'EG', 'ES', 'FI', 'FR', 'GB', 'GR', 'GT', 'HK', 'HN', 'HR', 'HU', 'ID', 'IE', 'IL', 'IN', 'IS', 'IT', 'JO', 'JP', 'KW', 'KZ', 'LB', 'LI', 'LT', 'LU', 'LV', 'MA', 'MC', 'MD', 'ME', 'MK', 'MT', 'MX', 'MY', 'NI', 'NL', 'NO', 'NZ', 'OM', 'PA', 'PE', 'PH', 'PL', 'PS', 'PT', 'PY', 'QA', 'RO', 'RS', 'RU', 'SA', 'SE', 'SG', 'SI', 'SK', 'SV', 'TH', 'TN', 'TR', 'TW', 'UA', 'US', 'UY', 'VN', 'XK', 'ZA']",214506,83,5cpJFiNwYyWwFLH0V6B3N8,1,6,0.0224,0.759,0.636,0.000143,0.166,-5.585,0.0369,0.536,109.976,4
19,19,Mi Cuarto,DI LETRA,Jerry Di,7f02bxFbZIOVdSbYRNYvLT,2020-04-03,album,"['AD', 'AE', 'AL', 'AR', 'AT', 'AU', 'BA', 'BE', 'BG', 'BH', 'BO', 'BR', 'BY', 'CA', 'CH', 'CL', 'CO', 'CR', 'CY', 'CZ', 'DE', 'DK', 'DO', 'DZ', 'EC', 'EE', 'EG', 'ES', 'FI', 'FR', 'GB', 'GR', 'GT', 'HK', 'HN', 'HR', 'HU', 'ID', 'IE', 'IL', 'IN', 'IS', 'IT', 'JO', 'JP', 'KW', 'KZ', 'LB', 'LI', 'LT', 'LU', 'LV', 'MA', 'MC', 'MD', 'ME', 'MK', 'MT', 'MX', 'MY', 'NI', 'NL', 'NO', 'NZ', 'OM', 'PA', 'PE', 'PH', 'PL', 'PS', 'PT', 'PY', 'QA', 'RO', 'RS', 'RU', 'SA', 'SE', 'SG', 'SI', 'SK', 'SV', 'TH', 'TN', 'TR', 'TW', 'UA', 'US', 'UY', 'VN', 'XK', 'ZA']",197586,88,6fmQjRuo7XvRFCK2qex5hQ,1,1,0.8190000000000001,0.8540000000000001,0.525,0.0,0.146,-4.426,0.214,0.63,97.054,4
20,20,There's Nothing Holdin' Me Back,Illuminate (Deluxe),Shawn Mendes,7n2wHs1TKAczGzO7Dd2rGr,2017-04-20,album,[],199440,4,79cuOz3SPQTuFrp8WgftAu,1,2,0.381,0.857,0.8,0.0,0.0913,-4.035,0.0583,0.966,121.99600000000001,4
21,21,Pa toda la vida (feat. Mozart La Para),Pa toda la vida (feat. Mozart La Para),Don Patricio,6vPXtLmNd3mW0dd1Rb9eQ9,2020-05-22,single,"['AD', 'AE', 'AL', 'AR', 'AT', 'AU', 'BA', 'BE', 'BG', 'BH', 'BO', 'BR', 'BY', 'CA', 'CH', 'CL', 'CO', 'CR', 'CY', 'CZ', 'DE', 'DK', 'DO', 'DZ', 'EC', 'EE', 'EG', 'ES', 'FI', 'FR', 'GB', 'GR', 'GT', 'HK', 'HN', 'HR', 'HU', 'ID', 'IE', 'IL', 'IN', 'IS', 'IT', 'JO', 'JP', 'KW', 'KZ', 'LB', 'LI', 'LT', 'LU', 'LV', 'MA', 'MC', 'MD', 'ME', 'MK', 'MT', 'MX', 'MY', 'NI', 'NL', 'NO', 'NZ', 'OM', 'PA', 'PE', 'PH', 'PL', 'PS', 'PT', 'PY', 'QA', 'RO', 'RS', 'RU', 'SA', 'SE', 'SG', 'SI', 'SK', 'SV', 'TH', 'TN', 'TR', 'TW', 'UA', 'US', 'UY', 'VN', 'XK', 'ZA']",212330,75,6DDb7XRNUzeHmSoTbw5nmm,1,2,0.218,0.6920000000000001,0.639,3.91e-05,0.147,-5.336,0.228,0.511,98.461,4
22,22,Chained To The Rhythm,Witness,Katy Perry,6jJ0s89eD6GaHleKKya26X,2017-06-09,album,[],237734,1,6520aj0B4FSKGVuKNsOCOi,1,0,0.0733,0.44799999999999995,0.8009999999999999,0.0,0.146,-5.3629999999999995,0.165,0.462,189.798,4
23,23,Shape of You,÷ (Deluxe),Ed Sheeran,6eUKZXaKkcviH0Ku9w2n3V,2017-03-03,album,"['AD', 'AE', 'AL', 'AR', 'AT', 'AU', 'BA', 'BE', 'BG', 'BH', 'BO', 'BR', 'BY', 'CA', 'CH', 'CL', 'CO', 'CR', 'CY', 'CZ', 'DE', 'DK', 'DO', 'DZ', 'EC', 'EE', 'EG', 'ES', 'FI', 'FR', 'GB', 'GR', 'GT', 'HK', 'HN', 'HR', 'HU', 'ID', 'IE', 'IL', 'IN', 'IS', 'IT', 'JO', 'JP', 'KW', 'KZ', 'LB', 'LI', 'LT', 'LU', 'LV', 'MA', 'MC', 'MD', 'ME', 'MK', 'MT', 'MX', 'MY', 'NI', 'NL', 'NO', 'NZ', 'OM', 'PA', 'PE', 'PH', 'PL', 'PS', 'PT', 'PY', 'QA', 'RO', 'RS', 'RU', 'SA', 'SE', 'SG', 'SI', 'SK', 'SV', 'TH', 'TN', 'TR', 'TW', 'UA', 'US', 'UY', 'VN', 'XK', 'ZA']",233712,85,7qiZfU4dY1lWllzX7mPBI3,0,1,0.581,0.825,0.652,0.0,0.0931,-3.1830000000000003,0.0802,0.9309999999999999,95.977,4
24,24,Despacito (Featuring Daddy Yankee),Despacito (Featuring Daddy Yankee),Luis Fonsi,4V8Sr092TqfHkfAA5fXXqG,2017-01-13,single,[],228200,5,4aWmUDTfIPGksMNLV2rQP2,1,2,0.209,0.66,0.7859999999999999,0.0,0.11199999999999999,-4.757,0.17,0.846,177.833,4
25,25,CÓMO SE SIENTE - Remix,CÓMO SE SIENTE (Remix),Jhay Cortez,0EFisYRi20PTADoJrifHrz,2020-05-09,single,"['AD', 'AE', 'AL', 'AR', 'AT', 'AU', 'BA', 'BE', 'BG', 'BH', 'BO', 'BR', 'BY', 'CA', 'CH', 'CL', 'CO', 'CR', 'CY', 'CZ', 'DE', 'DK', 'DO', 'DZ', 'EC', 'EE', 'EG', 'ES', 'FI', 'FR', 'GB', 'GR', 'GT', 'HK', 'HN', 'HR', 'HU', 'ID', 'IE', 'IL', 'IN', 'IS', 'IT', 'JO', 'JP', 'KW', 'KZ', 'LB', 'LI', 'LT', 'LU', 'LV', 'MA', 'MC', 'MD', 'ME', 'MK', 'MT', 'MX', 'MY', 'NI', 'NL', 'NO', 'NZ', 'OM', 'PA', 'PE', 'PH', 'PL', 'PS', 'PT', 'PY', 'QA', 'RO', 'RS', 'RU', 'SA', 'SE', 'SG', 'SI', 'SK', 'SV', 'TH', 'TN', 'TR', 'TW', 'UA', 'US', 'UY', 'VN', 'XK', 'ZA']",227520,86,2tFwfmceQa1Y6nRPhYbEtC,0,3,0.0946,0.807,0.606,0.0,0.11900000000000001,-8.871,0.08800000000000001,0.304,92.988,4
26,26,Lumbra,Lumbra,Cali Y El Dandee,5DUlefCLzVRzNWaNURTFpK,2017-01-20,single,[],197086,0,6VHdcVbiKLYYOcMbIqBcuK,1,0,0.053,0.7240000000000001,0.84,0.0,0.727,-3.5810000000000004,0.0392,0.835,92.01,4
27,27,"PORFA Remix ( Feat. Maluma, Nicky Jam, Sech) - Remix","PORFA Remix ( Feat. Maluma, Nicky Jam, Sech)",Feid,2LRoIwlKmHjgvigdNGBHNo,2020-06-26,single,"['AD', 'AE', 'AL', 'AR', 'AT', 'AU', 'BA', 'BE', 'BG', 'BH', 'BO', 'BR', 'BY', 'CA', 'CH', 'CL', 'CO', 'CR', 'CY', 'CZ', 'DE', 'DK', 'DO', 'DZ', 'EC', 'EE', 'EG', 'ES', 'FI', 'FR', 'GB', 'GR', 'GT', 'HK', 'HN', 'HR', 'HU', 'ID', 'IE', 'IL', 'IN', 'IS', 'IT', 'JO', 'JP', 'KW', 'KZ', 'LB', 'LI', 'LT', 'LU', 'LV', 'MA', 'MC', 'MD', 'ME', 'MK', 'MT', 'MX', 'MY', 'NI', 'NL', 'NO', 'NZ', 'OM', 'PA', 'PE', 'PH', 'PL', 'PS', 'PT', 'PY', 'QA', 'RO', 'RS', 'RU', 'SA', 'SE', 'SG', 'SI', 'SK', 'SV', 'TH', 'TN', 'TR', 'TW', 'UA', 'US', 'UY', 'VN', 'XK', 'ZA']",333800,85,7lUdbnz7wsv3C9zzf4WHl9,0,6,0.0765,0.7929999999999999,0.737,0.0,0.0747,-4.731,0.0785,0.6970000000000001,167.96900000000002,4
28,28,"Lean (feat. Towy, Osquel, Beltito & Sammy & Falsetto)","Lean (feat. Towy, Osquel, Beltito & Sammy & Falsetto)",Super Yei,6HqgxkTt9KGyt27zYrwVan,2017-03-31,single,"['AD', 'AE', 'AR', 'AT', 'AU', 'BE', 'BG', 'BH', 'BO', 'BR', 'CA', 'CH', 'CL', 'CO', 'CR', 'CY', 'CZ', 'DE', 'DK', 'DO', 'DZ', 'EC', 'EE', 'EG', 'ES', 'FI', 'FR', 'GB', 'GR', 'GT', 'HK', 'HN', 'HU', 'ID', 'IE', 'IL', 'IN', 'IS', 'IT', 'JO', 'JP', 'KW', 'KZ', 'LB', 'LI', 'LT', 'LU', 'LV', 'MA', 'MC', 'MD', 'MT', 'MX', 'MY', 'NI', 'NL', 'NO', 'NZ', 'OM', 'PA', 'PE', 'PH', 'PL', 'PS', 'PT', 'PY', 'QA', 'RO', 'RU', 'SA', 'SE', 'SG', 'SI', 'SK', 'SV', 'TH', 'TN', 'TR', 'TW', 'UA', 'US', 'UY', 'VN', 'ZA']",260545,87,5DoLhdU27owX1NMrKLUbUl,0,6,0.111,0.863,0.669,0.0,0.0569,-5.952000000000001,0.282,0.9470000000000001,164.062,4
29,29,Me Enamoré,El Dorado,Shakira,0EmeFodog0BfCgMzAIvKQp,2017-05-26,album,"['AD', 'AE', 'AL', 'AR', 'AT', 'AU', 'BA', 'BE', 'BG', 'BH', 'BO', 'BR', 'BY', 'CA', 'CH', 'CL', 'CO', 'CR', 'CY', 'CZ', 'DE', 'DK', 'DO', 'DZ', 'EC', 'EE', 'EG', 'ES', 'FI', 'FR', 'GB', 'GR', 'GT', 'HK', 'HN', 'HR', 'HU', 'ID', 'IE', 'IL', 'IN', 'IS', 'IT', 'JO', 'JP', 'KW', 'KZ', 'LB', 'LI', 'LT', 'LU', 'LV', 'MA', 'MC', 'MD', 'ME', 'MK', 'MT', 'MX', 'MY', 'NI', 'NL', 'NO', 'NZ', 'OM', 'PA', 'PE', 'PH', 'PL', 'PS', 'PT', 'PY', 'QA', 'RO', 'RS', 'RU', 'SA', 'SE', 'SG', 'SI', 'SK', 'SV', 'TH', 'TN', 'TR', 'TW', 'UA', 'US', 'UY', 'VN', 'XK', 'ZA']",226893,70,4qknM1pQz53QOyfDVTjcM9,0,9,0.193,0.74,0.879,8.25e-05,0.0928,-2.251,0.105,0.948,103.71,4
30,30,Pegao / Me Miro y La Mire (TikTok Hit),Pegao / Me Miro y La Mire (TikTok Hit),Omega,1UjxAZqzphB1tsMb1aWBj0,2020-05-20,single,"['AD', 'AE', 'AL', 'AR', 'AT', 'AU', 'BA', 'BE', 'BG', 'BH', 'BO', 'BR', 'BY', 'CA', 'CH', 'CL', 'CO', 'CR', 'CY', 'CZ', 'DE', 'DK', 'DO', 'DZ', 'EC', 'EE', 'EG', 'ES', 'FI', 'FR', 'GB', 'GR', 'GT', 'HK', 'HN', 'HR', 'HU', 'ID', 'IE', 'IL', 'IN', 'IS', 'IT', 'JO', 'JP', 'KW', 'KZ', 'LB', 'LI', 'LT', 'LU', 'LV', 'MA', 'MC', 'MD', 'ME', 'MK', 'MT', 'MX', 'MY', 'NI', 'NL', 'NO', 'NZ', 'OM', 'PA', 'PE', 'PH', 'PL', 'PS', 'PT', 'PY', 'QA', 'RO', 'RS', 'RU', 'SA', 'SE', 'SG', 'SI', 'SK', 'SV', 'TH', 'TN', 'TR', 'TW', 'UA', 'US', 'UY', 'VN', 'XK', 'ZA']",216666,77,4Pzk85DqWoLqptyA5IlhLk,0,10,0.105,0.945,0.521,0.0557,0.0568,-5.0280000000000005,0.271,0.861,120.031,4
31,31,Una Lady Como Tú,Una Lady Como Tú,Manuel Turizo,0tmwSHipWxN12fsoLcFU3B,2017-04-10,single,"['AD', 'AE', 'AL', 'AR', 'AT', 'AU', 'BA', 'BE', 'BG', 'BH', 'BO', 'BR', 'BY', 'CA', 'CH', 'CL', 'CO', 'CR', 'CY', 'CZ', 'DE', 'DK', 'DO', 'DZ', 'EC', 'EE', 'EG', 'ES', 'FI', 'FR', 'GB', 'GR', 'GT', 'HK', 'HN', 'HR', 'HU', 'ID', 'IE', 'IL', 'IN', 'IS', 'IT', 'JO', 'JP', 'KW', 'KZ', 'LB', 'LI', 'LT', 'LU', 'LV', 'MA', 'MC', 'MD', 'ME', 'MK', 'MT', 'MX', 'MY', 'NI', 'NL', 'NO', 'NZ', 'OM', 'PA', 'PE', 'PH', 'PL', 'PS', 'PT', 'PY', 'QA', 'RO', 'RS', 'RU', 'SA', 'SE', 'SG', 'SI', 'SK', 'SV', 'TH', 'TN', 'TR', 'TW', 'UA', 'US', 'UY', 'VN', 'XK', 'ZA']",213026,72,7MHN1aCFtLXjownGhvEQlF,1,4,0.5489999999999999,0.7879999999999999,0.47700000000000004,0.0,0.349,-7.348,0.0434,0.86,94.98299999999999,4
32,32,Closer,Closer,The Chainsmokers,69GGBxA162lTqCwzJG5jLp,2016-07-29,single,"['AD', 'AE', 'AL', 'AR', 'AT', 'AU', 'BA', 'BE', 'BG', 'BH', 'BO', 'BR', 'BY', 'CA', 'CH', 'CL', 'CO', 'CR', 'CY', 'CZ', 'DE', 'DK', 'DO', 'DZ', 'EC', 'EE', 'EG', 'ES', 'FI', 'FR', 'GB', 'GR', 'GT', 'HK', 'HN', 'HR', 'HU', 'ID', 'IE', 'IL', 'IN', 'IS', 'IT', 'JO', 'JP', 'KW', 'KZ', 'LB', 'LI', 'LT', 'LU', 'LV', 'MA', 'MC', 'MD', 'ME', 'MK', 'MT', 'MX', 'MY', 'NI', 'NL', 'NO', 'NZ', 'OM', 'PA', 'PE', 'PH', 'PL', 'PS', 'PT', 'PY', 'QA', 'RO', 'RS', 'RU', 'SA', 'SE', 'SG', 'SI', 'SK', 'SV', 'TH', 'TN', 'TR', 'TW', 'UA', 'US', 'UY', 'VN', 'XK', 'ZA']",244960,84,7BKLCZ1jbUBVqRi2FVlTVw,1,8,0.414,0.748,0.524,0.0,0.111,-5.599,0.0338,0.6609999999999999,95.01,4
33,33,Felices los 4,Felices los 4,Maluma,1r4hJ1h58CWwUQe3MxPuau,2017-04-21,single,[],229848,4,0qYTZCo5Bwh1nsUFGZP3zn,1,5,0.231,0.755,0.789,0.0,0.35100000000000003,-4.502,0.146,0.737,93.973,4
34,34,It Ain't Me (with Selena Gomez),It Ain't Me (with Selena Gomez),Kygo,23fqKkggKUBHNkbKtXEls4,2017-02-16,single,"['AD', 'AE', 'AL', 'AR', 'AT', 'AU', 'BA', 'BE', 'BG', 'BH', 'BO', 'BR', 'BY', 'CA', 'CH', 'CL', 'CO', 'CR', 'CY', 'CZ', 'DE', 'DK', 'DO', 'DZ', 'EC', 'EE', 'EG', 'ES', 'FI', 'FR', 'GB', 'GR', 'GT', 'HK', 'HN', 'HR', 'HU', 'ID', 'IE', 'IL', 'IN', 'IS', 'IT', 'JO', 'JP', 'KW', 'KZ', 'LB', 'LI', 'LT', 'LU', 'LV', 'MA', 'MC', 'MD', 'ME', 'MK', 'MT', 'MX', 'MY', 'NI', 'NL', 'NO', 'NZ', 'OM', 'PA', 'PE', 'PH', 'PL', 'PS', 'PT', 'PY', 'QA', 'RO', 'RS', 'RU', 'SA', 'SE', 'SG', 'SI', 'SK', 'SV', 'TH', 'TN', 'TR', 'TW', 'UA', 'UY', 'VN', 'XK', 'ZA']",220780,77,3eR23VReFzcdmS7TYCrhCe,1,0,0.11900000000000001,0.64,0.5329999999999999,0.0,0.0864,-6.596,0.0706,0.515,99.96799999999999,4
35,35,Wild Thoughts (feat. Rihanna & Bryson Tiller),Grateful,DJ Khaled,0QHgL1lAIqAw0HtD7YldmP,2017-06-22,album,"['AD', 'AL', 'AR', 'AT', 'AU', 'BA', 'BE', 'BG', 'BO', 'BR', 'BY', 'CA', 'CH', 'CL', 'CO', 'CR', 'CY', 'CZ', 'DE', 'DK', 'DO', 'DZ', 'EC', 'EE', 'ES', 'FI', 'FR', 'GB', 'GR', 'GT', 'HK', 'HN', 'HR', 'HU', 'ID', 'IE', 'IL', 'IN', 'IS', 'IT', 'JP', 'KZ', 'LI', 'LT', 'LU', 'LV', 'MA', 'MC', 'MD', 'ME', 'MK', 'MT', 'MX', 'MY', 'NI', 'NL', 'NO', 'NZ', 'PA', 'PE', 'PH', 'PL', 'PT', 'PY', 'RO', 'RS', 'RU', 'SE', 'SG', 'SI', 'SK', 'SV', 'TH', 'TN', 'TR', 'TW', 'UA', 'UY', 'VN', 'XK', 'ZA']",204173,75,1OAh8uOEOvTDqkKFsKksCi,0,0,0.0329,0.6709999999999999,0.672,0.0,0.11800000000000001,-3.094,0.0688,0.632,97.979,4
36,36,Rockabye (feat. Sean Paul & Anne-Marie),Rockabye (feat. Sean Paul & Anne-Marie),Clean Bandit,6MDME20pz9RveH9rEXvrOM,2016-10-21,single,"['AD', 'AE', 'AL', 'AR', 'AT', 'AU', 'BA', 'BE', 'BG', 'BH', 'BO', 'BR', 'BY', 'CA', 'CH', 'CL', 'CO', 'CR', 'CY', 'CZ', 'DE', 'DK', 'DO', 'DZ', 'EC', 'EE', 'EG', 'ES', 'FI', 'FR', 'GB', 'GR', 'GT', 'HK', 'HN', 'HR', 'HU', 'ID', 'IE', 'IL', 'IN', 'IS', 'IT', 'JO', 'JP', 'KW', 'KZ', 'LB', 'LI', 'LT', 'LU', 'LV', 'MA', 'MC', 'MD', 'ME', 'MK', 'MT', 'MX', 'MY', 'NI', 'NL', 'NO', 'NZ', 'OM', 'PA', 'PE', 'PH', 'PL', 'PS', 'PT', 'PY', 'QA', 'RO', 'RS', 'RU', 'SA', 'SE', 'SG', 'SI', 'SK', 'SV', 'TH', 'TN', 'TR', 'TW', 'UA', 'US', 'UY', 'VN', 'XK', 'ZA']",251088,76,5knuzwU65gJK7IF5yJsuaW,0,9,0.406,0.72,0.763,0.0,0.18,-4.0680000000000005,0.0523,0.742,101.965,4
37,37,Watermelon Sugar,Fine Line,Harry Styles,6KImCVD70vtIoJWnq6nGn3,2019-12-13,album,"['AD', 'AE', 'AL', 'AR', 'AT', 'AU', 'BA', 'BE', 'BG', 'BH', 'BO', 'BR', 'BY', 'CA', 'CH', 'CL', 'CO', 'CR', 'CY', 'CZ', 'DE', 'DK', 'DO', 'DZ', 'EC', 'EE', 'EG', 'ES', 'FI', 'FR', 'GB', 'GR', 'GT', 'HK', 'HN', 'HR', 'HU', 'ID', 'IE', 'IL', 'IN', 'IS', 'IT', 'JO', 'JP', 'KW', 'KZ', 'LB', 'LI', 'LT', 'LU', 'LV', 'MA', 'MC', 'MD', 'ME', 'MK', 'MT', 'MX', 'MY', 'NI', 'NL', 'NO', 'NZ', 'OM', 'PA', 'PE', 'PH', 'PL', 'PS', 'PT', 'PY', 'QA', 'RO', 'RS', 'RU', 'SA', 'SE', 'SG', 'SI', 'SK', 'SV', 'TH', 'TN', 'TR', 'TW', 'UA', 'US', 'UY', 'VN', 'XK', 'ZA']",174000,96,6UelLqGlWMcVH1E5c4H7lY,1,0,0.122,0.5479999999999999,0.816,0.0,0.335,-4.209,0.0465,0.557,95.39,4
38,38,Don Don,Don Don,Daddy Yankee,4VMYDCV2IEDYJArk749S6m,2020-09-11,single,"['AD', 'AE', 'AL', 'AR', 'AT', 'AU', 'BA', 'BE', 'BG', 'BH', 'BO', 'BR', 'BY', 'CA', 'CH', 'CL', 'CO', 'CR', 'CY', 'CZ', 'DE', 'DK', 'DO', 'DZ', 'EC', 'EE', 'EG', 'ES', 'FI', 'FR', 'GB', 'GR', 'GT', 'HK', 'HN', 'HR', 'HU', 'ID', 'IE', 'IL', 'IN', 'IS', 'IT', 'JO', 'JP', 'KW', 'KZ', 'LB', 'LI', 'LT', 'LU', 'LV', 'MA', 'MC', 'MD', 'ME', 'MK', 'MT', 'MX', 'MY', 'NI', 'NL', 'NO', 'NZ', 'OM', 'PA', 'PE', 'PH', 'PL', 'PS', 'PT', 'PY', 'QA', 'RO', 'RS', 'RU', 'SA', 'SE', 'SG', 'SI', 'SK', 'SV', 'TH', 'TN', 'TR', 'TW', 'UA', 'US', 'UY', 'VN', 'XK', 'ZA']",275893,81,3kml9ZdpT7UYk1ugkjqOzt,0,5,0.285,0.838,0.8190000000000001,6.3e-05,0.22399999999999998,-4.681,0.21100000000000002,0.6559999999999999,105.027,4
39,39,Galway Girl,÷ (Deluxe),Ed Sheeran,6eUKZXaKkcviH0Ku9w2n3V,2017-03-03,album,"['AD', 'AE', 'AL', 'AR', 'AT', 'AU', 'BA', 'BE', 'BG', 'BH', 'BO', 'BR', 'BY', 'CA', 'CH', 'CL', 'CO', 'CR', 'CY', 'CZ', 'DE', 'DK', 'DO', 'DZ', 'EC', 'EE', 'EG', 'ES', 'FI', 'FR', 'GB', 'GR', 'GT', 'HK', 'HN', 'HR', 'HU', 'ID', 'IE', 'IL', 'IN', 'IS', 'IT', 'JO', 'JP', 'KW', 'KZ', 'LB', 'LI', 'LT', 'LU', 'LV', 'MA', 'MC', 'MD', 'ME', 'MK', 'MT', 'MX', 'MY', 'NI', 'NL', 'NO', 'NZ', 'OM', 'PA', 'PE', 'PH', 'PL', 'PS', 'PT', 'PY', 'QA', 'RO', 'RS', 'RU', 'SA', 'SE', 'SG', 'SI', 'SK', 'SV', 'TH', 'TN', 'TR', 'TW', 'UA', 'US', 'UY', 'VN', 'XK', 'ZA']",170826,79,0afhq8XCExXpqazXczTSve,1,9,0.0735,0.624,0.8759999999999999,0.0,0.327,-3.3739999999999997,0.1,0.7809999999999999,99.943,4
40,40,That's What I Like,24K Magic,Bruno Mars,0du5cEVh5yTK9QJze8zA0C,2016-11-17,album,"['AD', 'AE', 'AL', 'AR', 'AT', 'AU', 'BA', 'BE', 'BG', 'BH', 'BO', 'BR', 'BY', 'CA', 'CH', 'CL', 'CO', 'CR', 'CY', 'CZ', 'DE', 'DK', 'DO', 'DZ', 'EC', 'EE', 'EG', 'ES', 'FI', 'FR', 'GB', 'GR', 'GT', 'HK', 'HN', 'HR', 'HU', 'ID', 'IE', 'IL', 'IN', 'IS', 'IT', 'JO', 'JP', 'KW', 'KZ', 'LB', 'LI', 'LT', 'LU', 'LV', 'MA', 'MC', 'MD', 'ME', 'MK', 'MT', 'MX', 'MY', 'NI', 'NL', 'NO', 'NZ', 'OM', 'PA', 'PE', 'PH', 'PL', 'PS', 'PT', 'PY', 'QA', 'RO', 'RS', 'RU', 'SA', 'SE', 'SG', 'SI', 'SK', 'SV', 'TH', 'TN', 'TR', 'TW', 'UA', 'US', 'UY', 'VN', 'XK', 'ZA']",206693,81,0KKkJNfGyhkQ5aFogxQAPU,1,1,0.013000000000000001,0.853,0.56,0.0,0.0944,-4.961,0.0406,0.86,134.066,4
41,41,Chantaje (feat. Maluma),El Dorado,Shakira,0EmeFodog0BfCgMzAIvKQp,2017-05-26,album,"['AD', 'AE', 'AL', 'AR', 'AT', 'AU', 'BA', 'BE', 'BG', 'BH', 'BO', 'BR', 'BY', 'CA', 'CH', 'CL', 'CO', 'CR', 'CY', 'CZ', 'DE', 'DK', 'DO', 'DZ', 'EC', 'EE', 'EG', 'ES', 'FI', 'FR', 'GB', 'GR', 'GT', 'HK', 'HN', 'HR', 'HU', 'ID', 'IE', 'IL', 'IN', 'IS', 'IT', 'JO', 'JP', 'KW', 'KZ', 'LB', 'LI', 'LT', 'LU', 'LV', 'MA', 'MC', 'MD', 'ME', 'MK', 'MT', 'MX', 'MY', 'NI', 'NL', 'NO', 'NZ', 'OM', 'PA', 'PE', 'PH', 'PL', 'PS', 'PT', 'PY', 'QA', 'RO', 'RS', 'RU', 'SA', 'SE', 'SG', 'SI', 'SK', 'SV', 'TH', 'TN', 'TR', 'TW', 'UA', 'US', 'UY', 'VN', 'XK', 'ZA']",195840,76,6mICuAdrwEjh6Y6lroV2Kg,0,8,0.187,0.852,0.773,3.05e-05,0.159,-2.9210000000000003,0.0776,0.907,102.03399999999999,4
42,42,A Güiro,A Güiro,Rafa Pabön,11YLRSsZA3YVuQQtHXKTlz,2020-04-23,single,"['AD', 'AE', 'AL', 'AR', 'AT', 'AU', 'BA', 'BE', 'BG', 'BH', 'BO', 'BR', 'BY', 'CA', 'CH', 'CL', 'CO', 'CR', 'CY', 'CZ', 'DE', 'DK', 'DO', 'DZ', 'EC', 'EE', 'EG', 'ES', 'FI', 'FR', 'GB', 'GR', 'GT', 'HK', 'HN', 'HR', 'HU', 'ID', 'IE', 'IL', 'IN', 'IS', 'IT', 'JO', 'JP', 'KW', 'KZ', 'LB', 'LI', 'LT', 'LU', 'LV', 'MA', 'MC', 'MD', 'ME', 'MK', 'MT', 'MX', 'MY', 'NI', 'NL', 'NO', 'NZ', 'OM', 'PA', 'PE', 'PH', 'PL', 'PS', 'PT', 'PY', 'QA', 'RO', 'RS', 'RU', 'SA', 'SE', 'SG', 'SI', 'SK', 'SV', 'TH', 'TN', 'TR', 'TW', 'UA', 'US', 'UY', 'VN', 'XK', 'ZA']",163250,79,4hgIsfE3u7duCJFYXm6kZe,0,4,0.185,0.958,0.581,0.0707,0.0282,-5.4239999999999995,0.134,0.902,120.02600000000001,4
43,43,Se iluminaba,Uebe,Fred De Palma,0QrUbsrL5imqntAfDl8i7q,2019-09-13,album,"['AD', 'AE', 'AL', 'AR', 'AT', 'AU', 'BA', 'BE', 'BG', 'BH', 'BO', 'BR', 'BY', 'CA', 'CH', 'CL', 'CO', 'CR', 'CY', 'CZ', 'DE', 'DK', 'DO', 'DZ', 'EC', 'EE', 'EG', 'ES', 'FI', 'FR', 'GB', 'GR', 'GT', 'HK', 'HN', 'HR', 'HU', 'ID', 'IE', 'IL', 'IN', 'IS', 'IT', 'JO', 'JP', 'KW', 'KZ', 'LB', 'LI', 'LT', 'LU', 'LV', 'MA', 'MC', 'MD', 'ME', 'MK', 'MT', 'MX', 'MY', 'NI', 'NL', 'NO', 'NZ', 'OM', 'PA', 'PE', 'PH', 'PL', 'PS', 'PT', 'PY', 'QA', 'RO', 'RS', 'RU', 'SA', 'SE', 'SG', 'SI', 'SK', 'SV', 'TH', 'TN', 'TR', 'TW', 'UA', 'US', 'UY', 'VN', 'XK', 'ZA']",174291,76,3VPOZWtj8mM89IiRNygxgS,0,0,0.0811,0.7909999999999999,0.693,0.0,0.0708,-4.98,0.0639,0.624,123.92299999999999,4
44,44,Mamichula - con Nicki Nicole,Atrevido,Trueno,2x7PC78TmgqpEIjaGAZ0Oz,2020-07-23,album,"['AD', 'AE', 'AL', 'AR', 'AT', 'AU', 'BA', 'BE', 'BG', 'BH', 'BO', 'BR', 'BY', 'CA', 'CH', 'CL', 'CO', 'CR', 'CY', 'CZ', 'DE', 'DK', 'DO', 'DZ', 'EC', 'EE', 'EG', 'ES', 'FI', 'FR', 'GB', 'GR', 'GT', 'HK', 'HN', 'HR', 'HU', 'ID', 'IE', 'IL', 'IN', 'IS', 'IT', 'JO', 'JP', 'KW', 'KZ', 'LB', 'LI', 'LT', 'LU', 'LV', 'MA', 'MC', 'MD', 'ME', 'MK', 'MT', 'MX', 'MY', 'NI', 'NL', 'NO', 'NZ', 'OM', 'PA', 'PE', 'PH', 'PL', 'PS', 'PT', 'PY', 'QA', 'RO', 'RS', 'RU', 'SA', 'SE', 'SG', 'SI', 'SK', 'SV', 'TH', 'TN', 'TR', 'TW', 'UA', 'US', 'UY', 'VN', 'XK', 'ZA']",219201,90,4pXW6ZAHBz7ODXTRKklWrM,0,4,0.5820000000000001,0.696,0.6779999999999999,2.22e-06,0.134,-5.893,0.0735,0.34600000000000003,91.985,4
45,45,Relación,1 of 1,Sech,77ziqFxp5gaInVrF2lj4ht,2020-05-21,album,"['AD', 'AE', 'AL', 'AR', 'AT', 'AU', 'BA', 'BE', 'BG', 'BH', 'BO', 'BR', 'BY', 'CA', 'CH', 'CL', 'CO', 'CR', 'CY', 'CZ', 'DE', 'DK', 'DO', 'DZ', 'EC', 'EE', 'EG', 'ES', 'FI', 'FR', 'GB', 'GR', 'GT', 'HK', 'HN', 'HR', 'HU', 'ID', 'IE', 'IL', 'IN', 'IS', 'IT', 'JO', 'JP', 'KW', 'KZ', 'LB', 'LI', 'LT', 'LU', 'LV', 'MA', 'MC', 'MD', 'ME', 'MK', 'MT', 'MX', 'MY', 'NI', 'NL', 'NO', 'NZ', 'OM', 'PA', 'PE', 'PH', 'PL', 'PS', 'PT', 'PY', 'QA', 'RO', 'RS', 'RU', 'SA', 'SE', 'SG', 'SI', 'SK', 'SV', 'TH', 'TN', 'TR', 'TW', 'UA', 'US', 'UY', 'VN', 'XK', 'ZA']",184254,91,3ZG8N7aWw2meb6UrI5ZmnZ,0,7,0.125,0.805,0.562,4.96e-06,0.14800000000000002,-3.117,0.105,0.767,172.09400000000002,4
46,46,La Tóxica,La Tóxica,Farruko,329e4yvIujISKGKz1BZZbO,2020-07-24,single,"['AD', 'AE', 'AL', 'AR', 'AT', 'AU', 'BA', 'BE', 'BG', 'BH', 'BO', 'BR', 'BY', 'CA', 'CH', 'CL', 'CO', 'CR', 'CY', 'CZ', 'DE', 'DK', 'DO', 'DZ', 'EC', 'EE', 'EG', 'ES', 'FI', 'FR', 'GB', 'GR', 'GT', 'HK', 'HN', 'HR', 'HU', 'ID', 'IE', 'IL', 'IN', 'IS', 'IT', 'JO', 'JP', 'KW', 'KZ', 'LB', 'LI', 'LT', 'LU', 'LV', 'MA', 'MC', 'MD', 'ME', 'MK', 'MT', 'MX', 'MY', 'NI', 'NL', 'NO', 'NZ', 'OM', 'PA', 'PE', 'PH', 'PL', 'PS', 'PT', 'PY', 'QA', 'RO', 'RS', 'RU', 'SA', 'SE', 'SG', 'SI', 'SK', 'SV', 'TH', 'TN', 'TR', 'TW', 'UA', 'US', 'UY', 'VN', 'XK', 'ZA']",180520,85,15OjBeqNX3bShsGYQbteRv,1,9,0.0882,0.659,0.701,0.0,0.0866,-4.107,0.16399999999999998,0.623,91.97,4
47,47,Dance Monkey,Dance Monkey,Tones And I,2NjfBq1NflQcKSeiDooVjY,2019-05-10,single,"['AU', 'NZ']",209754,70,1rgnBhdG2JDFTbYkYRZAku,0,6,0.688,0.825,0.593,0.000161,0.17,-6.401,0.0988,0.54,98.07799999999999,4
48,48,Tusa,Tusa,KAROL G,790FomKkXshlbRYZFtlgla,2019-11-07,single,"['AD', 'AE', 'AL', 'AR', 'AT', 'AU', 'BA', 'BE', 'BG', 'BH', 'BO', 'BR', 'BY', 'CA', 'CH', 'CL', 'CO', 'CR', 'CY', 'CZ', 'DE', 'DK', 'DO', 'DZ', 'EC', 'EE', 'EG', 'ES', 'FI', 'FR', 'GB', 'GR', 'GT', 'HK', 'HN', 'HR', 'HU', 'ID', 'IE', 'IL', 'IN', 'IS', 'IT', 'JO', 'JP', 'KW', 'KZ', 'LB', 'LI', 'LT', 'LU', 'LV', 'MA', 'MC', 'MD', 'ME', 'MK', 'MT', 'MX', 'MY', 'NI', 'NL', 'NO', 'NZ', 'OM', 'PA', 'PE', 'PH', 'PL', 'PS', 'PT', 'PY', 'QA', 'RO', 'RS', 'RU', 'SA', 'SE', 'SG', 'SI', 'SK', 'SV', 'TH', 'TN', 'TR', 'TW', 'UA', 'US', 'UY', 'VN', 'XK', 'ZA']",200960,89,7k4t7uLgtOxPwTpFmtJNTY,1,2,0.295,0.8029999999999999,0.715,0.000134,0.0574,-3.28,0.298,0.574,101.085,4
49,49,Reggaetón Lento (Bailemos),Primera Cita,CNCO,0eecdvMrqBftK0M1VKhaF4,2016-08-26,album,"['AD', 'AE', 'AL', 'AR', 'AT', 'AU', 'BA', 'BE', 'BG', 'BH', 'BO', 'BY', 'CA', 'CH', 'CL', 'CO', 'CR', 'CY', 'CZ', 'DE', 'DK', 'DO', 'DZ', 'EC', 'EE', 'EG', 'ES', 'FI', 'FR', 'GB', 'GR', 'GT', 'HK', 'HN', 'HR', 'HU', 'ID', 'IE', 'IL', 'IN', 'IS', 'IT', 'JO', 'JP', 'KW', 'KZ', 'LB', 'LI', 'LT', 'LU', 'LV', 'MA', 'MC', 'MD', 'ME', 'MK', 'MT', 'MX', 'MY', 'NI', 'NL', 'NO', 'NZ', 'OM', 'PA', 'PE', 'PH', 'PL', 'PS', 'PT', 'PY', 'QA', 'RO', 'RS', 'RU', 'SA', 'SE', 'SG', 'SI', 'SK', 'SV', 'TH', 'TN', 'TR', 'TW', 'UA', 'US', 'UY', 'VN', 'XK', 'ZA']",222560,73,3AEZUABDXNtecAOSC1qTfo,0,4,0.4,0.7609999999999999,0.838,0.0,0.17600000000000002,-3.073,0.0502,0.71,93.97399999999999,4
50,50,Mala Mujer,Mala Mujer,C. Tangana,5TYxZTjIPqKM8K8NuP9woO,2017-05-26,single,"['AD', 'AE', 'AL', 'AR', 'AT', 'AU', 'BA', 'BE', 'BG', 'BH', 'BO', 'BR', 'BY', 'CA', 'CH', 'CL', 'CO', 'CR', 'CY', 'CZ', 'DE', 'DK', 'DO', 'DZ', 'EC', 'EE', 'EG', 'ES', 'FI', 'FR', 'GB', 'GR', 'GT', 'HK', 'HN', 'HR', 'HU', 'ID', 'IE', 'IL', 'IN', 'IS', 'IT', 'JO', 'JP', 'KW', 'KZ', 'LB', 'LI', 'LT', 'LU', 'LV', 'MA', 'MC', 'MD', 'ME', 'MK', 'MT', 'MX', 'MY', 'NI', 'NL', 'NO', 'NZ', 'OM', 'PA', 'PE', 'PH', 'PL', 'PS', 'PT', 'PY', 'QA', 'RO', 'RS', 'RU', 'SA', 'SE', 'SG', 'SI', 'SK', 'SV', 'TH', 'TN', 'TR', 'TW', 'UA', 'US', 'UY', 'VN', 'XK', 'ZA']",222896,58,6puxHBNwu2Nmm7uD3Rd2MP,0,0,0.23800000000000002,0.836,0.731,2.1899999999999997e-05,0.0698,-4.572,0.133,0.473,100.97399999999999,4
51,51,Mood (feat. Iann Dior),Mood (feat. Iann Dior),24kGoldn,6fWVd57NKTalqvmjRd2t8Z,2020-07-24,single,"['AD', 'AE', 'AL', 'AR', 'AT', 'AU', 'BA', 'BE', 'BG', 'BH', 'BO', 'BR', 'BY', 'CA', 'CH', 'CL', 'CO', 'CR', 'CY', 'CZ', 'DE', 'DK', 'DO', 'DZ', 'EC', 'EE', 'EG', 'ES', 'FI', 'FR', 'GB', 'GR', 'GT', 'HK', 'HN', 'HR', 'HU', 'ID', 'IE', 'IL', 'IN', 'IS', 'IT', 'JO', 'JP', 'KW', 'KZ', 'LB', 'LI', 'LT', 'LU', 'LV', 'MA', 'MC', 'MD', 'ME', 'MK', 'MT', 'MX', 'MY', 'NI', 'NL', 'NO', 'NZ', 'OM', 'PA', 'PE', 'PH', 'PL', 'PS', 'PT', 'PY', 'QA', 'RO', 'RS', 'RU', 'SA', 'SE', 'SG', 'SI', 'SK', 'SV', 'TH', 'TN', 'TR', 'TW', 'UA', 'US', 'UY', 'VN', 'XK', 'ZA']",140525,99,3tjFYV6RSFtuktYl3ZtYcq,0,7,0.221,0.7,0.722,0.0,0.272,-3.5580000000000003,0.0369,0.7559999999999999,90.98899999999999,4
52,52,Breaking Me,Breaking Me,Topic,0u6GtibW46tFX7koQ6uNJZ,2019-12-19,single,"['AD', 'AE', 'AL', 'AR', 'AT', 'AU', 'BA', 'BE', 'BG', 'BH', 'BO', 'BR', 'BY', 'CA', 'CH', 'CL', 'CO', 'CR', 'CY', 'CZ', 'DE', 'DK', 'DO', 'DZ', 'EC', 'EE', 'EG', 'ES', 'FI', 'FR', 'GB', 'GR', 'GT', 'HK', 'HN', 'HR', 'HU', 'ID', 'IE', 'IL', 'IN', 'IS', 'IT', 'JO', 'JP', 'KW', 'KZ', 'LB', 'LI', 'LT', 'LU', 'LV', 'MA', 'MC', 'MD', 'ME', 'MK', 'MT', 'MX', 'MY', 'NI', 'NL', 'NO', 'NZ', 'OM', 'PA', 'PE', 'PH', 'PL', 'PS', 'PT', 'PY', 'QA', 'RO', 'RS', 'RU', 'SA', 'SE', 'SG', 'SI', 'SK', 'SV', 'TH', 'TN', 'TR', 'TW', 'UA', 'US', 'UY', 'VN', 'XK', 'ZA']",166793,95,3H7ihDc1dqLriiWXwsc2po,0,8,0.223,0.789,0.72,0.0,0.129,-5.652,0.218,0.664,122.031,4
53,53,Despacito - Remix,Despacito Feat. Justin Bieber (Remix),Luis Fonsi,4V8Sr092TqfHkfAA5fXXqG,2017-04-17,single,[],228826,6,5CtI0qwDJkDQGwXD1H1cLb,1,2,0.22899999999999998,0.6940000000000001,0.815,0.0,0.0924,-4.328,0.12,0.813,88.931,4
54,54,Safari,Energía,J Balvin,1vyhD5VmyZ7KMfW5gqLgo5,2016-06-24,album,[],205600,1,6rQSrBHf7HlZjtcMZ4S4bO,1,0,0.551,0.508,0.687,3.41e-06,0.126,-4.361000000000001,0.326,0.555,180.044,4
55,55,Savage Love (Laxed - Siren Beat),Savage Love (Laxed - Siren Beat),Jawsh 685,56mfhUDKa1vec6rSLZV5Eg,2020-06-11,single,"['AD', 'AE', 'AL', 'AR', 'AT', 'AU', 'BA', 'BE', 'BG', 'BH', 'BO', 'BR', 'BY', 'CA', 'CH', 'CL', 'CO', 'CR', 'CY', 'CZ', 'DE', 'DK', 'DO', 'DZ', 'EC', 'EE', 'EG', 'ES', 'FI', 'FR', 'GB', 'GR', 'GT', 'HK', 'HN', 'HR', 'HU', 'ID', 'IE', 'IL', 'IN', 'IS', 'IT', 'JO', 'JP', 'KW', 'KZ', 'LB', 'LI', 'LT', 'LU', 'LV', 'MA', 'MC', 'MD', 'ME', 'MK', 'MT', 'MX', 'MY', 'NI', 'NL', 'NO', 'NZ', 'OM', 'PA', 'PE', 'PH', 'PL', 'PS', 'PT', 'PY', 'QA', 'RO', 'RS', 'RU', 'SA', 'SE', 'SG', 'SI', 'SK', 'SV', 'TH', 'TN', 'TR', 'TW', 'UA', 'US', 'UY', 'VN', 'XK', 'ZA']",171374,96,1xQ6trAsedVPCdbtDAmk0c,0,0,0.23399999999999999,0.767,0.48100000000000004,0.0,0.26899999999999996,-8.52,0.0803,0.7609999999999999,150.076,4
56,56,Hey Ma (with Pitbull & J Balvin feat. Camila Cabello) - Spanish Version,Hey Ma (with Pitbull & J Balvin feat. Camila Cabello) [Spanish Version],Pitbull,0TnOYISbd1XYRBk9myaseg,2017-03-09,single,"['AU', 'NZ', 'US']",194941,55,2Vdub5mY4lad7w64bFPUez,1,0,0.0277,0.489,0.9620000000000001,6.18e-06,0.128,-2.597,0.215,0.518,104.56299999999999,4
57,57,Jerusalema (feat. Nomcebo Zikode),Jerusalema,Master KG,523y9KSneKh6APd1hKxLuF,2020-01-24,album,"['AD', 'AE', 'AL', 'AR', 'AT', 'AU', 'BA', 'BE', 'BG', 'BH', 'BO', 'BR', 'BY', 'CA', 'CH', 'CL', 'CO', 'CR', 'CY', 'CZ', 'DE', 'DK', 'DO', 'DZ', 'EC', 'EE', 'EG', 'ES', 'FI', 'FR', 'GB', 'GR', 'GT', 'HK', 'HN', 'HR', 'HU', 'ID', 'IE', 'IL', 'IN', 'IS', 'IT', 'JO', 'JP', 'KW', 'KZ', 'LB', 'LI', 'LT', 'LU', 'LV', 'MA', 'MC', 'MD', 'ME', 'MK', 'MT', 'MX', 'MY', 'NI', 'NL', 'NO', 'NZ', 'OM', 'PA', 'PE', 'PH', 'PL', 'PS', 'PT', 'PY', 'QA', 'RO', 'RS', 'RU', 'SA', 'SE', 'SG', 'SI', 'SK', 'SV', 'TH', 'TN', 'TR', 'TW', 'UA', 'US', 'UY', 'VN', 'XK']",342612,84,2MlOUXmcofMackX3bxfSwi,1,1,0.0185,0.88,0.483,8.75e-06,0.0607,-7.0120000000000005,0.0504,0.8270000000000001,124.009,4
58,58,El Amante,Fénix,Nicky Jam,1SupJlEpv7RS2tPNRaHViT,2017-01-20,album,"['AD', 'AE', 'AL', 'AR', 'AT', 'AU', 'BA', 'BE', 'BG', 'BH', 'BO', 'BR', 'BY', 'CA', 'CH', 'CL', 'CR', 'CY', 'CZ', 'DE', 'DK', 'DO', 'DZ', 'EC', 'EE', 'EG', 'ES', 'FI', 'FR', 'GB', 'GR', 'GT', 'HK', 'HN', 'HR', 'HU', 'ID', 'IE', 'IL', 'IN', 'IS', 'IT', 'JO', 'JP', 'KW', 'KZ', 'LB', 'LI', 'LT', 'LU', 'LV', 'MA', 'MC', 'MD', 'ME', 'MK', 'MT', 'MX', 'MY', 'NI', 'NL', 'NO', 'NZ', 'OM', 'PA', 'PE', 'PH', 'PL', 'PS', 'PT', 'PY', 'QA', 'RO', 'RS', 'RU', 'SA', 'SE', 'SG', 'SI', 'SK', 'SV', 'TH', 'TN', 'TR', 'TW', 'UA', 'US', 'UY', 'VN', 'XK', 'ZA']",219506,70,3umS4y3uQDkqekNjVpiRUs,1,8,0.243,0.6829999999999999,0.691,0.0,0.14,-5.535,0.0432,0.732,179.91,4
59,59,Mi Gente,Mi Gente,J Balvin,1vyhD5VmyZ7KMfW5gqLgo5,2017-06-30,single,[],189440,3,2rb5MvYT7ZIxbKW5hfcHx8,0,11,0.0148,0.5429999999999999,0.677,6.21e-06,0.13,-4.915,0.0993,0.294,103.809,4
60,60,Flamenkito,Flamenkito,Lérica,4d3kmfoZBTuUPSUjgP45uo,2020-05-07,single,"['AD', 'AE', 'AL', 'AR', 'AT', 'AU', 'BA', 'BE', 'BG', 'BH', 'BO', 'BR', 'BY', 'CA', 'CH', 'CL', 'CO', 'CR', 'CY', 'CZ', 'DE', 'DK', 'DO', 'DZ', 'EC', 'EE', 'EG', 'ES', 'FI', 'FR', 'GB', 'GR', 'GT', 'HK', 'HN', 'HR', 'HU', 'ID', 'IE', 'IL', 'IN', 'IS', 'IT', 'JO', 'JP', 'KW', 'KZ', 'LB', 'LI', 'LT', 'LU', 'LV', 'MA', 'MC', 'MD', 'ME', 'MK', 'MT', 'MX', 'MY', 'NI', 'NL', 'NO', 'NZ', 'OM', 'PA', 'PE', 'PH', 'PL', 'PS', 'PT', 'PY', 'QA', 'RO', 'RS', 'RU', 'SA', 'SE', 'SG', 'SI', 'SK', 'SV', 'TH', 'TN', 'TR', 'TW', 'UA', 'US', 'UY', 'VN', 'XK', 'ZA']",202153,77,4fsj5oMLYrCUlTDs4P9qw5,1,0,0.0877,0.73,0.7140000000000001,0.0,0.11699999999999999,-2.9789999999999996,0.107,0.924,94.896,4
61,61,Trendy,Trendy,Rvfv,2CCgb0KApjfQDuTppovpf8,2020-07-24,single,"['AD', 'AE', 'AL', 'AR', 'AT', 'AU', 'BA', 'BE', 'BG', 'BH', 'BO', 'BR', 'BY', 'CA', 'CH', 'CL', 'CO', 'CR', 'CY', 'CZ', 'DE', 'DK', 'DO', 'DZ', 'EC', 'EE', 'EG', 'ES', 'FI', 'FR', 'GB', 'GR', 'GT', 'HK', 'HN', 'HR', 'HU', 'ID', 'IE', 'IL', 'IN', 'IS', 'IT', 'JO', 'JP', 'KW', 'KZ', 'LB', 'LI', 'LT', 'LU', 'LV', 'MA', 'MC', 'MD', 'ME', 'MK', 'MT', 'MX', 'MY', 'NI', 'NL', 'NO', 'NZ', 'OM', 'PA', 'PE', 'PH', 'PL', 'PS', 'PT', 'PY', 'QA', 'RO', 'RS', 'RU', 'SA', 'SE', 'SG', 'SI', 'SK', 'SV', 'TH', 'TN', 'TR', 'TW', 'UA', 'US', 'UY', 'VN', 'XK', 'ZA']",183564,78,6KS9MjBx9PnEetb0XUqGv6,0,1,0.535,0.732,0.748,0.000299,0.18,-3.9389999999999996,0.243,0.418,100.835,4
62,62,Djadja (feat. Maluma) - Remix,NAKAMURA (Deluxe Edition),Aya Nakamura,7IlRNXHjoOCgEAWN5qYksg,2019-10-25,album,"['AD', 'AE', 'AL', 'AR', 'AU', 'BA', 'BE', 'BG', 'BH', 'BO', 'BR', 'BY', 'CA', 'CL', 'CO', 'CR', 'CY', 'CZ', 'DK', 'DO', 'DZ', 'EC', 'EE', 'EG', 'ES', 'FI', 'GB', 'GR', 'GT', 'HK', 'HN', 'HR', 'HU', 'ID', 'IE', 'IL', 'IN', 'IS', 'JO', 'JP', 'KW', 'KZ', 'LB', 'LI', 'LT', 'LU', 'LV', 'MA', 'MC', 'MD', 'ME', 'MK', 'MT', 'MX', 'MY', 'NI', 'NL', 'NO', 'NZ', 'OM', 'PA', 'PE', 'PH', 'PL', 'PS', 'PT', 'PY', 'QA', 'RO', 'RS', 'RU', 'SA', 'SE', 'SG', 'SI', 'SK', 'SV', 'TH', 'TN', 'TR', 'TW', 'UA', 'US', 'UY', 'VN', 'XK', 'ZA']",166850,71,13vDU8nPsvTGEVTMB8Vw7g,1,5,0.175,0.7909999999999999,0.682,0.0,0.0926,-7.327999999999999,0.158,0.672,98.031,4
63,63,"I'm the One (feat. Justin Bieber, Quavo, Chance the Rapper & Lil Wayne)",Grateful,DJ Khaled,0QHgL1lAIqAw0HtD7YldmP,2017-06-22,album,['US'],288876,68,1jYiIOC5d6soxkJP81fxq2,1,7,0.0533,0.599,0.667,0.0,0.134,-4.2669999999999995,0.0367,0.8170000000000001,80.984,4
64,64,Mil Tequilas,Mil Tequilas,Chema Rivas,1tMWkquIkQtVD6vaZlDbSQ,2019-10-18,single,"['AD', 'AE', 'AL', 'AR', 'AT', 'AU', 'BA', 'BE', 'BG', 'BH', 'BO', 'BR', 'BY', 'CA', 'CH', 'CL', 'CO', 'CR', 'CY', 'CZ', 'DE', 'DK', 'DO', 'DZ', 'EC', 'EE', 'EG', 'ES', 'FI', 'FR', 'GB', 'GR', 'GT', 'HK', 'HN', 'HR', 'HU', 'ID', 'IE', 'IL', 'IN', 'IS', 'IT', 'JO', 'JP', 'KW', 'KZ', 'LB', 'LI', 'LT', 'LU', 'LV', 'MA', 'MC', 'MD', 'ME', 'MK', 'MT', 'MX', 'MY', 'NI', 'NL', 'NO', 'NZ', 'OM', 'PA', 'PE', 'PH', 'PL', 'PS', 'PT', 'PY', 'QA', 'RO', 'RS', 'RU', 'SA', 'SE', 'SG', 'SI', 'SK', 'SV', 'TH', 'TN', 'TR', 'TW', 'UA', 'US', 'UY', 'VN', 'XK', 'ZA']",255450,76,0qvfIq8RsH3sOZk9JIuUhn,1,1,0.22399999999999998,0.698,0.772,0.0,0.0957,-3.9360000000000004,0.133,0.284,100.103,4
65,65,MAMACITA,Translation,Black Eyed Peas,1yxSLGMDHlW21z4YXirZDS,2020-06-18,album,"['AD', 'FR', 'MC']",251428,64,24IgCW19L8lXKyFZwzFtD3,1,2,0.19,0.88,0.626,0.000755,0.094,-7.062,0.0473,0.441,105.01,4
66,66,I Feel It Coming,Starboy,The Weeknd,1Xyo4u8uXC1ZmMpatF05PJ,2016-11-24,album,"['AE', 'AU', 'BH', 'BY', 'CA', 'DZ', 'EG', 'GB', 'ID', 'IE', 'IN', 'JO', 'KW', 'KZ', 'LB', 'MA', 'MY', 'OM', 'PS', 'QA', 'RU', 'SA', 'TN', 'TR', 'UA', 'US']",269186,69,5GXAXm5YOmYT0kL5jHvYBt,0,0,0.426,0.773,0.8190000000000001,0.0,0.0679,-5.946000000000001,0.11800000000000001,0.585,92.99,4
67,67,Paris,Memories...Do Not Open,The Chainsmokers,69GGBxA162lTqCwzJG5jLp,2017-04-07,album,"['AD', 'AE', 'AL', 'AR', 'AT', 'AU', 'BA', 'BE', 'BG', 'BH', 'BO', 'BR', 'BY', 'CA', 'CH', 'CL', 'CO', 'CR', 'CY', 'CZ', 'DE', 'DK', 'DO', 'DZ', 'EC', 'EE', 'EG', 'ES', 'FI', 'FR', 'GB', 'GR', 'GT', 'HK', 'HN', 'HR', 'HU', 'ID', 'IE', 'IL', 'IN', 'IS', 'IT', 'JO', 'JP', 'KW', 'KZ', 'LB', 'LI', 'LT', 'LU', 'LV', 'MA', 'MC', 'MD', 'ME', 'MK', 'MT', 'MX', 'MY', 'NI', 'NL', 'NO', 'NZ', 'OM', 'PA', 'PE', 'PH', 'PL', 'PS', 'PT', 'PY', 'QA', 'RO', 'RS', 'RU', 'SA', 'SE', 'SG', 'SI', 'SK', 'SV', 'TH', 'TN', 'TR', 'TW', 'UA', 'US', 'UY', 'VN', 'XK', 'ZA']",221506,70,72jbDTw1piOOj770jWNeaG,1,2,0.0215,0.653,0.6579999999999999,1.66e-06,0.0939,-6.428,0.0304,0.21899999999999997,99.99,4
68,68,Mama,Jonas Blue: Electronic Nature - The Mix 2017,Jonas Blue,1HBjj22wzbscIZ9sEb5dyf,2017-07-14,compilation,"['AD', 'AE', 'AL', 'AR', 'AT', 'AU', 'BA', 'BE', 'BG', 'BH', 'BO', 'BR', 'BY', 'CA', 'CH', 'CL', 'CO', 'CR', 'CY', 'CZ', 'DE', 'DK', 'DO', 'DZ', 'EC', 'EE', 'EG', 'ES', 'FI', 'FR', 'GB', 'GR', 'GT', 'HK', 'HN', 'HR', 'HU', 'ID', 'IE', 'IL', 'IN', 'IS', 'IT', 'JO', 'JP', 'KW', 'KZ', 'LB', 'LI', 'LT', 'LU', 'LV', 'MA', 'MC', 'MD', 'ME', 'MK', 'MT', 'MX', 'MY', 'NI', 'NL', 'NO', 'NZ', 'OM', 'PA', 'PE', 'PH', 'PL', 'PS', 'PT', 'PY', 'QA', 'RO', 'RS', 'RU', 'SA', 'SE', 'SG', 'SI', 'SK', 'SV', 'TH', 'TN', 'TR', 'TW', 'UA', 'US', 'UY', 'VN', 'XK', 'ZA']",181614,59,0NiXXAI876aGImAd6rTj8w,0,11,0.091,0.7390000000000001,0.792,0.0,0.0516,-4.256,0.0418,0.547,104.016,4
69,69,Más De Lo Que Aposté,Más De Lo Que Aposté,Aitana,7eLcDZDYHXZCebtQmVFL25,2020-07-30,single,"['AD', 'AE', 'AL', 'AR', 'AT', 'AU', 'BA', 'BE', 'BG', 'BH', 'BO', 'BR', 'BY', 'CA', 'CH', 'CL', 'CO', 'CR', 'CY', 'CZ', 'DE', 'DK', 'DO', 'DZ', 'EC', 'EE', 'EG', 'ES', 'FI', 'FR', 'GB', 'GR', 'GT', 'HK', 'HN', 'HR', 'HU', 'ID', 'IE', 'IL', 'IN', 'IS', 'IT', 'JO', 'JP', 'KW', 'KZ', 'LB', 'LI', 'LT', 'LU', 'LV', 'MA', 'MC', 'MD', 'ME', 'MK', 'MT', 'MX', 'MY', 'NI', 'NL', 'NO', 'NZ', 'OM', 'PA', 'PE', 'PH', 'PL', 'PS', 'PT', 'PY', 'QA', 'RO', 'RS', 'RU', 'SA', 'SE', 'SG', 'SI', 'SK', 'SV', 'TH', 'TN', 'TR', 'TW', 'UA', 'US', 'UY', 'VN', 'XK', 'ZA']",205031,77,00QBHaaP4KUcjlmxWriMbC,0,1,0.0754,0.621,0.9179999999999999,0.0,0.13,-3.01,0.0552,0.8340000000000001,151.988,4
70,70,Roses - Imanbek Remix,Roses (Imanbek Remix),SAINt JHN,0H39MdGGX6dbnnQPt6NQkZ,2019-09-13,single,['US'],176218,83,2Wo6QQD1KMDWeFkkjLqwx5,1,8,0.0149,0.785,0.721,0.00432,0.285,-5.457000000000001,0.0506,0.894,121.962,4
71,71,El Manual,Emmanuel,Anuel AA,2R21vXR83lH98kGeO99Y66,2020-05-29,album,"['AD', 'AE', 'AL', 'AR', 'AT', 'AU', 'BA', 'BE', 'BG', 'BH', 'BO', 'BR', 'BY', 'CA', 'CH', 'CL', 'CO', 'CR', 'CY', 'CZ', 'DE', 'DK', 'DO', 'DZ', 'EC', 'EE', 'EG', 'ES', 'FI', 'FR', 'GB', 'GR', 'GT', 'HK', 'HN', 'HR', 'HU', 'ID', 'IE', 'IL', 'IN', 'IS', 'IT', 'JO', 'JP', 'KW', 'KZ', 'LB', 'LI', 'LT', 'LU', 'LV', 'MA', 'MC', 'MD', 'ME', 'MK', 'MT', 'MX', 'MY', 'NI', 'NL', 'NO', 'NZ', 'OM', 'PA', 'PE', 'PH', 'PL', 'PS', 'PT', 'PY', 'QA', 'RO', 'RS', 'RU', 'SA', 'SE', 'SG', 'SI', 'SK', 'SV', 'TH', 'TN', 'TR', 'TW', 'UA', 'US', 'UY', 'VN', 'XK', 'ZA']",210623,81,7kOf0qHO4Rcwk6QJifZDRJ,1,0,0.35,0.843,0.845,0.00168,0.0527,-2.344,0.0503,0.898,126.98899999999999,4
72,72,Call On Me - Ryan Riback Extended Remix,Call On Me (Remixes),Starley,02A3cEvlLLCbIMVDrK2GHV,2016-10-14,single,"['GB', 'IE']",222040,55,78rIJddV4X0HkNAInEcYde,1,0,0.0604,0.67,0.838,0.000611,0.159,-4.031000000000001,0.0362,0.7170000000000001,104.99799999999999,4
73,73,Scared to Be Lonely,Scared to Be Lonely,Martin Garrix,60d24wfXkVzDSfLS6hyCjZ,2017-01-27,single,"['AD', 'AE', 'AL', 'AR', 'AT', 'AU', 'BA', 'BE', 'BG', 'BH', 'BO', 'BR', 'BY', 'CA', 'CH', 'CL', 'CO', 'CR', 'CY', 'CZ', 'DE', 'DK', 'DO', 'DZ', 'EC', 'EE', 'EG', 'ES', 'FI', 'FR', 'GB', 'GR', 'GT', 'HK', 'HN', 'HR', 'HU', 'ID', 'IE', 'IL', 'IN', 'IS', 'IT', 'JO', 'JP', 'KW', 'KZ', 'LB', 'LI', 'LT', 'LU', 'LV', 'MA', 'MC', 'MD', 'ME', 'MK', 'MT', 'MX', 'MY', 'NI', 'NL', 'NO', 'NZ', 'OM', 'PA', 'PE', 'PH', 'PL', 'PS', 'PT', 'PY', 'QA', 'RO', 'RS', 'RU', 'SA', 'SE', 'SG', 'SI', 'SK', 'SV', 'TH', 'TN', 'TR', 'TW', 'UA', 'US', 'UY', 'VN', 'XK', 'ZA']",220883,79,3ebXMykcMXOcLeJ9xZ17XH,0,1,0.0895,0.584,0.54,0.0,0.261,-7.7860000000000005,0.0576,0.195,137.972,4
74,74,Symphony (feat. Zara Larsson),Symphony (feat. Zara Larsson),Clean Bandit,6MDME20pz9RveH9rEXvrOM,2017-03-16,single,"['AD', 'AE', 'AL', 'AR', 'AT', 'AU', 'BA', 'BE', 'BG', 'BH', 'BO', 'BR', 'BY', 'CA', 'CH', 'CL', 'CO', 'CR', 'CY', 'CZ', 'DE', 'DK', 'DO', 'DZ', 'EC', 'EE', 'EG', 'ES', 'FI', 'FR', 'GB', 'GR', 'GT', 'HK', 'HN', 'HR', 'HU', 'ID', 'IE', 'IL', 'IN', 'IS', 'IT', 'JO', 'JP', 'KW', 'KZ', 'LB', 'LI', 'LT', 'LU', 'LV', 'MA', 'MC', 'MD', 'ME', 'MK', 'MT', 'MX', 'MY', 'NI', 'NL', 'NO', 'NZ', 'OM', 'PA', 'PE', 'PH', 'PL', 'PS', 'PT', 'PY', 'QA', 'RO', 'RS', 'RU', 'SA', 'SE', 'SG', 'SI', 'SK', 'SV', 'TH', 'TN', 'TR', 'TW', 'UA', 'US', 'UY', 'VN', 'XK', 'ZA']",212459,76,1x5sYLZiu9r5E43kMlt9f8,0,0,0.259,0.7070000000000001,0.629,1.6e-05,0.138,-4.581,0.0563,0.457,122.863,4
75,75,Tu Foto Del DNI,Tu Foto Del DNI,Marmi,4ckWVaYN8j0EZrNFRHmxZx,2020-09-14,single,"['AD', 'AE', 'AL', 'AR', 'AT', 'AU', 'BA', 'BE', 'BG', 'BH', 'BO', 'BR', 'BY', 'CA', 'CH', 'CL', 'CO', 'CR', 'CY', 'CZ', 'DE', 'DK', 'DO', 'DZ', 'EC', 'EE', 'EG', 'ES', 'FI', 'FR', 'GB', 'GR', 'GT', 'HK', 'HN', 'HR', 'HU', 'ID', 'IE', 'IL', 'IN', 'IS', 'IT', 'JO', 'JP', 'KW', 'KZ', 'LB', 'LI', 'LT', 'LU', 'LV', 'MA', 'MC', 'MD', 'ME', 'MK', 'MT', 'MX', 'MY', 'NI', 'NL', 'NO', 'NZ', 'OM', 'PA', 'PE', 'PH', 'PL', 'PS', 'PT', 'PY', 'QA', 'RO', 'RS', 'RU', 'SA', 'SE', 'SG', 'SI', 'SK', 'SV', 'TH', 'TN', 'TR', 'TW', 'UA', 'US', 'UY', 'VN', 'XK', 'ZA']",179653,68,1eWWdO6oIBdJT8SCXaYCYV,0,10,0.0306,0.488,0.922,0.0,0.374,-2.542,0.0978,0.52,172.804,4
76,76,UN DIA (ONE DAY) (Feat. Tainy),UN DIA (ONE DAY) (Feat. Tainy),J Balvin,1vyhD5VmyZ7KMfW5gqLgo5,2020-07-24,single,"['AD', 'AE', 'AL', 'AR', 'AT', 'AU', 'BA', 'BE', 'BG', 'BH', 'BO', 'BR', 'BY', 'CA', 'CH', 'CL', 'CO', 'CR', 'CY', 'CZ', 'DE', 'DK', 'DO', 'DZ', 'EC', 'EE', 'EG', 'ES', 'FI', 'FR', 'GB', 'GR', 'GT', 'HK', 'HN', 'HR', 'HU', 'ID', 'IE', 'IL', 'IN', 'IS', 'IT', 'JO', 'JP', 'KW', 'KZ', 'LB', 'LI', 'LT', 'LU', 'LV', 'MA', 'MC', 'MD', 'ME', 'MK', 'MT', 'MX', 'MY', 'NI', 'NL', 'NO', 'NZ', 'OM', 'PA', 'PE', 'PH', 'PL', 'PS', 'PT', 'PY', 'QA', 'RO', 'RS', 'RU', 'SA', 'SE', 'SG', 'SI', 'SK', 'SV', 'TH', 'TN', 'TR', 'TW', 'UA', 'US', 'UY', 'VN', 'XK', 'ZA']",232253,94,0EhpEsp4L0oRGM0vmeaN5e,0,6,0.00536,0.5710000000000001,0.693,0.0,0.17300000000000001,-8.234,0.0545,0.39299999999999996,168.169,4
77,77,ROCKSTAR (feat. Roddy Ricch),BLAME IT ON BABY,DaBaby,4r63FhuTkUYltbVAg5TQnk,2020-04-17,album,"['AD', 'AE', 'AL', 'AR', 'AT', 'AU', 'BA', 'BE', 'BG', 'BH', 'BO', 'BR', 'BY', 'CA', 'CH', 'CL', 'CO', 'CR', 'CY', 'CZ', 'DE', 'DK', 'DO', 'DZ', 'EC', 'EE', 'EG', 'ES', 'FI', 'FR', 'GB', 'GR', 'GT', 'HK', 'HN', 'HR', 'HU', 'ID', 'IE', 'IL', 'IN', 'IS', 'IT', 'JO', 'JP', 'KW', 'KZ', 'LB', 'LI', 'LT', 'LU', 'LV', 'MA', 'MC', 'MD', 'ME', 'MK', 'MT', 'MX', 'MY', 'NI', 'NL', 'NO', 'NZ', 'OM', 'PA', 'PE', 'PH', 'PL', 'PS', 'PT', 'PY', 'QA', 'RO', 'RS', 'RU', 'SA', 'SE', 'SG', 'SI', 'SK', 'SV', 'TH', 'TN', 'TR', 'TW', 'UA', 'US', 'UY', 'VN', 'XK', 'ZA']",181733,97,7ytR5pFWmSjzHJIeQkgog4,1,11,0.247,0.746,0.69,0.0,0.10099999999999999,-7.956,0.16399999999999998,0.49700000000000005,89.977,4
78,78,Blinding Lights,After Hours,The Weeknd,1Xyo4u8uXC1ZmMpatF05PJ,2020-03-20,album,"['AD', 'AE', 'AL', 'AR', 'AT', 'AU', 'BA', 'BE', 'BG', 'BH', 'BO', 'BR', 'BY', 'CA', 'CH', 'CL', 'CO', 'CR', 'CY', 'CZ', 'DE', 'DK', 'DO', 'DZ', 'EC', 'EE', 'EG', 'ES', 'FI', 'FR', 'GB', 'GR', 'GT', 'HK', 'HN', 'HR', 'HU', 'ID', 'IE', 'IL', 'IN', 'IS', 'IT', 'JO', 'JP', 'KW', 'KZ', 'LB', 'LI', 'LT', 'LU', 'LV', 'MA', 'MC', 'MD', 'ME', 'MK', 'MT', 'MX', 'MY', 'NI', 'NL', 'NO', 'NZ', 'OM', 'PA', 'PE', 'PH', 'PL', 'PS', 'PT', 'PY', 'QA', 'RO', 'RS', 'RU', 'SA', 'SE', 'SG', 'SI', 'SK', 'SV', 'TH', 'TN', 'TR', 'TW', 'UA', 'US', 'UY', 'VN', 'XK', 'ZA']",200040,97,0VjIjW4GlUZAMYd2vXMi3b,1,1,0.00146,0.514,0.73,9.54e-05,0.0897,-5.934,0.0598,0.33399999999999996,171.005,4
79,79,Swalla (feat. Nicki Minaj & Ty Dolla $ign),Swalla (feat. Nicki Minaj & Ty Dolla $ign),Jason Derulo,07YZf4WDAMNwqr4jfgOZ8y,2017-02-23,single,"['AD', 'AL', 'AR', 'AT', 'AU', 'BA', 'BE', 'BG', 'BO', 'BR', 'CA', 'CH', 'CL', 'CO', 'CR', 'CY', 'CZ', 'DE', 'DK', 'DO', 'DZ', 'EC', 'EE', 'ES', 'FI', 'FR', 'GB', 'GR', 'GT', 'HK', 'HN', 'HR', 'HU', 'ID', 'IE', 'IL', 'IN', 'IS', 'IT', 'JP', 'KW', 'KZ', 'LI', 'LT', 'LU', 'LV', 'MA', 'MC', 'MD', 'ME', 'MK', 'MT', 'MX', 'MY', 'NI', 'NL', 'NO', 'NZ', 'PA', 'PE', 'PH', 'PL', 'PS', 'PT', 'PY', 'RO', 'RS', 'RU', 'SE', 'SG', 'SI', 'SK', 'SV', 'TH', 'TR', 'TW', 'UA', 'US', 'UY', 'VN', 'XK', 'ZA']",216408,78,6kex4EBAj0WHXDKZMEJaaF,1,1,0.075,0.696,0.8170000000000001,0.0,0.187,-3.862,0.109,0.782,98.064,4
80,80,"Ay, DiOs Mío!","Ay, DiOs Mío!",KAROL G,790FomKkXshlbRYZFtlgla,2020-07-10,single,"['AD', 'AE', 'AL', 'AR', 'AT', 'AU', 'BA', 'BE', 'BG', 'BH', 'BO', 'BR', 'BY', 'CA', 'CH', 'CL', 'CO', 'CR', 'CY', 'CZ', 'DE', 'DK', 'DO', 'DZ', 'EC', 'EE', 'EG', 'ES', 'FI', 'FR', 'GB', 'GR', 'GT', 'HK', 'HN', 'HR', 'HU', 'ID', 'IE', 'IL', 'IN', 'IS', 'IT', 'JO', 'JP', 'KW', 'KZ', 'LB', 'LI', 'LT', 'LU', 'LV', 'MA', 'MC', 'MD', 'ME', 'MK', 'MT', 'MX', 'MY', 'NI', 'NL', 'NO', 'NZ', 'OM', 'PA', 'PE', 'PH', 'PL', 'PS', 'PT', 'PY', 'QA', 'RO', 'RS', 'RU', 'SA', 'SE', 'SG', 'SI', 'SK', 'SV', 'TH', 'TN', 'TR', 'TW', 'UA', 'US', 'UY', 'VN', 'XK', 'ZA']",189653,93,7x4ASXYEKfQBCewcZhK776,1,11,0.512,0.718,0.7120000000000001,0.00121,0.10400000000000001,-4.3660000000000005,0.174,0.531,180.03400000000002,4
81,81,El Mismo Aire - con Pablo Alborán,El Mismo Aire (con Pablo Alborán),Camilo,28gNT5KBp7IjEOQoevXf9N,2020-06-10,single,"['AD', 'AE', 'AL', 'AR', 'AT', 'AU', 'BA', 'BE', 'BG', 'BH', 'BO', 'BR', 'BY', 'CA', 'CH', 'CL', 'CO', 'CR', 'CY', 'CZ', 'DE', 'DK', 'DO', 'DZ', 'EC', 'EE', 'EG', 'ES', 'FI', 'FR', 'GB', 'GR', 'GT', 'HK', 'HN', 'HR', 'HU', 'ID', 'IE', 'IL', 'IN', 'IS', 'IT', 'JO', 'JP', 'KW', 'KZ', 'LB', 'LI', 'LT', 'LU', 'LV', 'MA', 'MC', 'MD', 'ME', 'MK', 'MT', 'MX', 'MY', 'NI', 'NL', 'NO', 'NZ', 'OM', 'PA', 'PE', 'PH', 'PL', 'PS', 'PT', 'PY', 'QA', 'RO', 'RS', 'RU', 'SA', 'SE', 'SG', 'SI', 'SK', 'SV', 'TH', 'TN', 'TR', 'TW', 'UA', 'US', 'UY', 'VN', 'XK', 'ZA']",188213,86,5EbtodsuLbxrFDH6j5avVS,0,0,0.603,0.483,0.49200000000000005,0.0,0.32299999999999995,-6.591,0.295,0.66,144.511,4
82,82,Malibu,Malibu,Miley Cyrus,5YGY8feqx7naU7z4HrwZM6,2017-05-11,single,[],231905,2,2habSXqcJGExM6JJyskY7O,1,8,0.0577,0.565,0.782,4.16e-05,0.0757,-6.412999999999999,0.0506,0.4,140.004,4
83,83,Attention,Attention,Charlie Puth,6VuMaDnrHyPL1p4EHjYLi7,2017-04-20,single,[],211475,6,4iLqG9SeJSnt0cSPICSjxv,0,3,0.0969,0.774,0.626,3.12e-05,0.0848,-4.4319999999999995,0.0432,0.777,100.041,4
84,84,"I'm the One (feat. Justin Bieber, Quavo, Chance the Rapper & Lil Wayne)",Grateful,DJ Khaled,0QHgL1lAIqAw0HtD7YldmP,2017-06-22,album,"['AD', 'AL', 'AR', 'AT', 'AU', 'BA', 'BE', 'BG', 'BO', 'BR', 'BY', 'CA', 'CH', 'CL', 'CO', 'CR', 'CY', 'CZ', 'DE', 'DK', 'DO', 'DZ', 'EC', 'EE', 'ES', 'FI', 'FR', 'GB', 'GR', 'GT', 'HK', 'HN', 'HR', 'HU', 'ID', 'IE', 'IL', 'IN', 'IS', 'IT', 'JP', 'KZ', 'LI', 'LT', 'LU', 'LV', 'MA', 'MC', 'MD', 'ME', 'MK', 'MT', 'MX', 'MY', 'NI', 'NL', 'NO', 'NZ', 'PA', 'PE', 'PH', 'PL', 'PT', 'PY', 'RO', 'RS', 'RU', 'SE', 'SG', 'SI', 'SK', 'SV', 'TH', 'TN', 'TR', 'TW', 'UA', 'UY', 'VN', 'XK', 'ZA']",288600,75,3DXncPQOG4VBw3QHh3S817,1,7,0.0552,0.609,0.6679999999999999,0.0,0.16699999999999998,-4.284,0.0367,0.8109999999999999,80.92399999999999,4
85,85,Ayer Me Llamó Mi Ex (feat. Lenny Santos),Ayer Me Llamó Mi Ex (feat. Lenny Santos),KHEA,4m6ubhNsdwF4psNf3R8kwR,2020-08-20,single,"['AD', 'AE', 'AL', 'AR', 'AT', 'AU', 'BA', 'BE', 'BG', 'BH', 'BO', 'BR', 'BY', 'CA', 'CH', 'CL', 'CO', 'CR', 'CY', 'CZ', 'DE', 'DK', 'DO', 'DZ', 'EC', 'EE', 'EG', 'ES', 'FI', 'FR', 'GB', 'GR', 'GT', 'HK', 'HN', 'HR', 'HU', 'ID', 'IE', 'IL', 'IN', 'IS', 'IT', 'JO', 'JP', 'KW', 'KZ', 'LB', 'LI', 'LT', 'LU', 'LV', 'MA', 'MC', 'MD', 'ME', 'MK', 'MT', 'MX', 'MY', 'NI', 'NL', 'NO', 'NZ', 'OM', 'PA', 'PE', 'PH', 'PL', 'PS', 'PT', 'PY', 'QA', 'RO', 'RS', 'RU', 'SA', 'SE', 'SG', 'SI', 'SK', 'SV', 'TH', 'TN', 'TR', 'TW', 'UA', 'US', 'UY', 'VN', 'XK', 'ZA']",206760,88,6C6mUonH6MNdSg5pw7kOc9,0,10,0.254,0.752,0.716,0.0,0.243,-5.2,0.0325,0.5529999999999999,117.007,4
86,86,PAM,PAM,Justin Quiles,14zUHaJZo1mnYtn6IBRaRP,2020-05-01,single,"['AD', 'AE', 'AL', 'AR', 'AT', 'AU', 'BA', 'BE', 'BG', 'BH', 'BO', 'BR', 'BY', 'CA', 'CH', 'CL', 'CO', 'CR', 'CY', 'CZ', 'DE', 'DK', 'DO', 'DZ', 'EC', 'EE', 'EG', 'ES', 'FI', 'FR', 'GB', 'GR', 'GT', 'HK', 'HN', 'HR', 'HU', 'ID', 'IE', 'IL', 'IN', 'IS', 'IT', 'JO', 'JP', 'KW', 'KZ', 'LB', 'LI', 'LT', 'LU', 'LV', 'MA', 'MC', 'MD', 'ME', 'MK', 'MT', 'MX', 'MY', 'NI', 'NL', 'NO', 'NZ', 'OM', 'PA', 'PE', 'PH', 'PL', 'PS', 'PT', 'PY', 'QA', 'RO', 'RS', 'RU', 'SA', 'SE', 'SG', 'SI', 'SK', 'SV', 'TH', 'TN', 'TR', 'TW', 'UA', 'US', 'UY', 'VN', 'XK', 'ZA']",201000,84,0eeKDrQxjqNl5bX5VCHDcn,1,11,0.289,0.889,0.863,0.000603,0.0798,-3.011,0.0757,0.7759999999999999,112.95299999999999,4
87,87,Tattoo - Remix with Camilo,Tattoo (Remix with Camilo),Rauw Alejandro,1mcTU81TzQhprhouKaTkpq,2020-07-09,single,"['AD', 'AE', 'AL', 'AR', 'AT', 'AU', 'BA', 'BE', 'BG', 'BH', 'BO', 'BR', 'BY', 'CA', 'CH', 'CL', 'CO', 'CR', 'CY', 'CZ', 'DE', 'DK', 'DO', 'DZ', 'EC', 'EE', 'EG', 'ES', 'FI', 'FR', 'GB', 'GR', 'GT', 'HK', 'HN', 'HR', 'HU', 'ID', 'IE', 'IL', 'IN', 'IS', 'IT', 'JO', 'JP', 'KW', 'KZ', 'LB', 'LI', 'LT', 'LU', 'LV', 'MA', 'MC', 'MD', 'ME', 'MK', 'MT', 'MX', 'MY', 'NI', 'NL', 'NO', 'NZ', 'OM', 'PA', 'PE', 'PH', 'PL', 'PS', 'PT', 'PY', 'QA', 'RO', 'RS', 'RU', 'SA', 'SE', 'SG', 'SI', 'SK', 'SV', 'TH', 'TN', 'TR', 'TW', 'UA', 'US', 'UY', 'VN', 'XK', 'ZA']",222680,92,4ZRrLHqzhGRXYj2qcB4s5S,1,9,0.0413,0.848,0.637,0.0,0.0521,-5.132000000000001,0.156,0.698,96.988,4
88,88,Jeans,Jeans,Justin Quiles,14zUHaJZo1mnYtn6IBRaRP,2020-08-14,single,"['AD', 'AE', 'AL', 'AR', 'AT', 'AU', 'BA', 'BE', 'BG', 'BH', 'BO', 'BR', 'BY', 'CA', 'CH', 'CL', 'CO', 'CR', 'CY', 'CZ', 'DE', 'DK', 'DO', 'DZ', 'EC', 'EE', 'EG', 'ES', 'FI', 'FR', 'GB', 'GR', 'GT', 'HK', 'HN', 'HR', 'HU', 'ID', 'IE', 'IL', 'IN', 'IS', 'IT', 'JO', 'JP', 'KW', 'KZ', 'LB', 'LI', 'LT', 'LU', 'LV', 'MA', 'MC', 'MD', 'ME', 'MK', 'MT', 'MX', 'MY', 'NI', 'NL', 'NO', 'NZ', 'OM', 'PA', 'PE', 'PH', 'PL', 'PS', 'PT', 'PY', 'QA', 'RO', 'RS', 'RU', 'SA', 'SE', 'SG', 'SI', 'SK', 'SV', 'TH', 'TN', 'TR', 'TW', 'UA', 'US', 'UY', 'VN', 'XK', 'ZA']",185840,85,3GtnId3Cm1Xa6joCj08nzW,0,3,0.0165,0.807,0.6559999999999999,0.0,0.0693,-4.395,0.105,0.89,83.943,4
89,89,Escápate Conmigo,Escápate Conmigo,Wisin,3E6xrwgnVfYCrCs0ePERDz,2017-03-31,single,[],232786,2,2cnKEkpVUSV4wnjQiTWfH6,0,8,0.0245,0.747,0.8640000000000001,4.46e-05,0.0853,-3.181,0.0599,0.754,92.02799999999999,4
90,90,"Agua (with J Balvin) - Music From ""Sponge On The Run"" Movie","Agua (with J Balvin) [Music From ""Sponge On The Run"" Movie]",Tainy,0GM7qgcRCORpGnfcN2tCiB,2020-07-09,single,"['AD', 'AE', 'AL', 'AR', 'AT', 'AU', 'BA', 'BE', 'BG', 'BH', 'BO', 'BR', 'BY', 'CA', 'CH', 'CL', 'CO', 'CR', 'CY', 'CZ', 'DE', 'DK', 'DO', 'DZ', 'EC', 'EE', 'EG', 'ES', 'FI', 'FR', 'GB', 'GR', 'GT', 'HK', 'HN', 'HR', 'HU', 'ID', 'IE', 'IL', 'IN', 'IS', 'IT', 'JO', 'JP', 'KW', 'KZ', 'LB', 'LI', 'LT', 'LU', 'LV', 'MA', 'MC', 'MD', 'ME', 'MK', 'MT', 'MX', 'MY', 'NI', 'NL', 'NO', 'NZ', 'OM', 'PA', 'PE', 'PH', 'PL', 'PS', 'PT', 'PY', 'QA', 'RO', 'RS', 'RU', 'SA', 'SE', 'SG', 'SI', 'SK', 'SV', 'TH', 'TN', 'TR', 'TW', 'UA', 'US', 'UY', 'VN', 'XK', 'ZA']",157944,92,1pqnQ41XbfKjaFu6M0eGJp,1,7,0.162,0.76,0.6579999999999999,0.0,0.195,-5.275,0.275,0.565,100.20200000000001,4
91,91,Madrid,PAPI JUANCHO,Maluma,1r4hJ1h58CWwUQe3MxPuau,2020-08-21,album,"['AD', 'AE', 'AL', 'AR', 'AT', 'AU', 'BA', 'BE', 'BG', 'BH', 'BO', 'BR', 'BY', 'CA', 'CH', 'CL', 'CO', 'CR', 'CY', 'CZ', 'DE', 'DK', 'DO', 'DZ', 'EC', 'EE', 'EG', 'ES', 'FI', 'FR', 'GB', 'GR', 'GT', 'HK', 'HN', 'HR', 'HU', 'ID', 'IE', 'IL', 'IN', 'IS', 'IT', 'JO', 'JP', 'KW', 'KZ', 'LB', 'LI', 'LT', 'LU', 'LV', 'MA', 'MC', 'MD', 'ME', 'MK', 'MT', 'MX', 'MY', 'NI', 'NL', 'NO', 'NZ', 'OM', 'PA', 'PE', 'PH', 'PL', 'PS', 'PT', 'PY', 'QA', 'RO', 'RS', 'RU', 'SA', 'SE', 'SG', 'SI', 'SK', 'SV', 'TH', 'TN', 'TR', 'TW', 'UA', 'US', 'UY', 'VN', 'XK', 'ZA']",198569,84,19OXtYzrJyCrQvTbfukt4H,1,9,0.239,0.764,0.741,0.0,0.107,-3.617,0.10099999999999999,0.802,170.081,4
92,92,Let Me Love You,Encore,DJ Snake,540vIaP2JwjQb9dm3aArA4,2016-08-05,album,[],205946,3,4pdPtRcBmOSQDlJ3Fk945m,1,8,0.0784,0.47600000000000003,0.718,1.0199999999999999e-05,0.122,-5.309,0.0576,0.142,199.864,4
93,93,I'm the One,I'm the One,DJ Khaled,0QHgL1lAIqAw0HtD7YldmP,2017-04-27,single,[],288876,2,72Q0FQQo32KJloivv5xge2,1,7,0.0533,0.599,0.667,0.0,0.134,-4.2669999999999995,0.0367,0.8170000000000001,80.984,4
94,94,You Don't Know Me - Radio Edit,You Don't Know Me,Jax Jones,4Q6nIcaBED8qUel8bBx6Cr,2016-12-09,single,[],213946,1,00lNx0OcTJrS3MKHcB80HY,0,11,0.163,0.8759999999999999,0.669,0.0,0.185,-6.053999999999999,0.138,0.682,124.007,4
95,95,Hasta Que Dios Diga,Emmanuel,Anuel AA,2R21vXR83lH98kGeO99Y66,2020-05-29,album,"['AD', 'AE', 'AL', 'AR', 'AT', 'AU', 'BA', 'BE', 'BG', 'BH', 'BO', 'BR', 'BY', 'CA', 'CH', 'CL', 'CO', 'CR', 'CY', 'CZ', 'DE', 'DK', 'DO', 'DZ', 'EC', 'EE', 'EG', 'ES', 'FI', 'FR', 'GB', 'GR', 'GT', 'HK', 'HN', 'HR', 'HU', 'ID', 'IE', 'IL', 'IN', 'IS', 'IT', 'JO', 'JP', 'KW', 'KZ', 'LB', 'LI', 'LT', 'LU', 'LV', 'MA', 'MC', 'MD', 'ME', 'MK', 'MT', 'MX', 'MY', 'NI', 'NL', 'NO', 'NZ', 'OM', 'PA', 'PE', 'PH', 'PL', 'PS', 'PT', 'PY', 'QA', 'RO', 'RS', 'RU', 'SA', 'SE', 'SG', 'SI', 'SK', 'SV', 'TH', 'TN', 'TR', 'TW', 'UA', 'US', 'UY', 'VN', 'XK', 'ZA']",246000,88,06s3QtMJVXw1AJX3UfvZG1,1,8,0.46399999999999997,0.691,0.765,3.29e-06,0.203,-4.727,0.111,0.855,174.021,4
96,96,Castle on the Hill,÷ (Deluxe),Ed Sheeran,6eUKZXaKkcviH0Ku9w2n3V,2017-03-03,album,"['AD', 'AE', 'AL', 'AR', 'AT', 'AU', 'BA', 'BE', 'BG', 'BH', 'BO', 'BR', 'BY', 'CA', 'CH', 'CL', 'CO', 'CR', 'CY', 'CZ', 'DE', 'DK', 'DO', 'DZ', 'EC', 'EE', 'EG', 'ES', 'FI', 'FR', 'GB', 'GR', 'GT', 'HK', 'HN', 'HR', 'HU', 'ID', 'IE', 'IL', 'IN', 'IS', 'IT', 'JO', 'JP', 'KW', 'KZ', 'LB', 'LI', 'LT', 'LU', 'LV', 'MA', 'MC', 'MD', 'ME', 'MK', 'MT', 'MX', 'MY', 'NI', 'NL', 'NO', 'NZ', 'OM', 'PA', 'PE', 'PH', 'PL', 'PS', 'PT', 'PY', 'QA', 'RO', 'RS', 'RU', 'SA', 'SE', 'SG', 'SI', 'SK', 'SV', 'TH', 'TN', 'TR', 'TW', 'UA', 'US', 'UY', 'VN', 'XK', 'ZA']",261153,78,6PCUP3dWmTjcTtXY02oFdT,1,2,0.0232,0.461,0.8340000000000001,1.1400000000000001e-05,0.14,-4.868,0.0989,0.47100000000000003,135.007,4
97,97,Me Rehúso,Me Rehúso,Danny Ocean,5H1nN1SzW0qNeUEZvuXjAj,2017-06-16,single,"['AD', 'AE', 'AL', 'AR', 'AT', 'AU', 'BA', 'BE', 'BG', 'BH', 'BO', 'BR', 'BY', 'CA', 'CH', 'CL', 'CO', 'CR', 'CY', 'CZ', 'DE', 'DK', 'DO', 'DZ', 'EC', 'EE', 'EG', 'ES', 'FI', 'FR', 'GB', 'GR', 'GT', 'HK', 'HN', 'HR', 'HU', 'ID', 'IE', 'IL', 'IN', 'IS', 'IT', 'JO', 'JP', 'KW', 'KZ', 'LB', 'LI', 'LT', 'LU', 'LV', 'MA', 'MC', 'MD', 'ME', 'MK', 'MT', 'MX', 'MY', 'NI', 'NL', 'NO', 'NZ', 'OM', 'PA', 'PE', 'PH', 'PL', 'PS', 'PT', 'PY', 'QA', 'RO', 'RS', 'RU', 'SA', 'SE', 'SG', 'SI', 'SK', 'SV', 'TH', 'TN', 'TR', 'TW', 'UA', 'US', 'UY', 'VN', 'XK', 'ZA']",205714,75,6De0lHrwBfPfrhorm9q1Xl,1,1,0.0231,0.7440000000000001,0.804,0.0,0.0494,-6.327000000000001,0.0677,0.426,104.823,4
98,98,Mami,Mami,Ptazeta,5UN0rzL594mWY2RbOtZqIN,2019-12-27,single,"['AD', 'AE', 'AL', 'AR', 'AT', 'AU', 'BA', 'BE', 'BG', 'BH', 'BO', 'BR', 'BY', 'CA', 'CH', 'CL', 'CO', 'CR', 'CY', 'CZ', 'DE', 'DK', 'DO', 'DZ', 'EC', 'EE', 'EG', 'ES', 'FI', 'FR', 'GB', 'GR', 'GT', 'HK', 'HN', 'HR', 'HU', 'ID', 'IE', 'IL', 'IN', 'IS', 'IT', 'JO', 'JP', 'KW', 'KZ', 'LB', 'LI', 'LT', 'LU', 'LV', 'MA', 'MC', 'MD', 'ME', 'MK', 'MT', 'MX', 'MY', 'NI', 'NL', 'NO', 'NZ', 'OM', 'PA', 'PE', 'PH', 'PL', 'PS', 'PT', 'PY', 'QA', 'RO', 'RS', 'RU', 'SA', 'SE', 'SG', 'SI', 'SK', 'SV', 'TH', 'TN', 'TR', 'TW', 'UA', 'US', 'UY', 'VN', 'XK', 'ZA']",189493,78,55C0glNSvxJDCfgHwiCZb1,0,7,0.598,0.616,0.649,1.9e-06,0.0788,-6.555,0.46399999999999997,0.6559999999999999,189.862,4
99,99,Sueño (con Pablo Alborán),Prisma,Beret,0ZHPrnImGh4re3TbSNkoZl,2019-10-25,album,"['AD', 'AE', 'AL', 'AR', 'AT', 'AU', 'BA', 'BE', 'BG', 'BH', 'BO', 'BR', 'BY', 'CA', 'CH', 'CL', 'CO', 'CR', 'CY', 'CZ', 'DE', 'DK', 'DO', 'DZ', 'EC', 'EE', 'EG', 'ES', 'FI', 'FR', 'GB', 'GR', 'GT', 'HK', 'HN', 'HR', 'HU', 'ID', 'IE', 'IL', 'IN', 'IS', 'IT', 'JO', 'JP', 'KW', 'KZ', 'LB', 'LI', 'LT', 'LU', 'LV', 'MA', 'MC', 'MD', 'ME', 'MK', 'MT', 'MX', 'MY', 'NI', 'NL', 'NO', 'NZ', 'OM', 'PA', 'PE', 'PH', 'PL', 'PS', 'PT', 'PY', 'QA', 'RO', 'RS', 'RU', 'SA', 'SE', 'SG', 'SI', 'SK', 'SV', 'TH', 'TN', 'TR', 'TW', 'UA', 'US', 'UY', 'VN', 'XK', 'ZA']",185482,72,71M1szVbVYZM5M6QlIm6aC,0,8,0.37200000000000005,0.667,0.613,0.0,0.174,-5.604,0.0412,0.54,105.064,4
100,100,Something Just Like This,Memories...Do Not Open,The Chainsmokers,69GGBxA162lTqCwzJG5jLp,2017-04-07,album,"['AD', 'AE', 'AL', 'AR', 'AT', 'AU', 'BA', 'BE', 'BG', 'BH', 'BO', 'BR', 'BY', 'CA', 'CH', 'CL', 'CO', 'CR', 'CY', 'CZ', 'DE', 'DK', 'DO', 'DZ', 'EC', 'EE', 'EG', 'ES', 'FI', 'FR', 'GB', 'GR', 'GT', 'HK', 'HN', 'HR', 'HU', 'ID', 'IE', 'IL', 'IN', 'IS', 'IT', 'JO', 'JP', 'KW', 'KZ', 'LB', 'LI', 'LT', 'LU', 'LV', 'MA', 'MC', 'MD', 'ME', 'MK', 'MT', 'MX', 'MY', 'NI', 'NL', 'NO', 'NZ', 'OM', 'PA', 'PE', 'PH', 'PL', 'PS', 'PT', 'PY', 'QA', 'RO', 'RS', 'RU', 'SA', 'SE', 'SG', 'SI', 'SK', 'SV', 'TH', 'TN', 'TR', 'TW', 'UA', 'US', 'UY', 'VN', 'XK', 'ZA']",247160,83,6RUKPb4LETWmmr3iAEQktW,0,11,0.0498,0.617,0.635,1.4400000000000001e-05,0.16399999999999998,-6.769,0.0317,0.446,103.01899999999999,4
101,101,Ahora Dice,Ahora Dice,Chris Jeday,0qTZZWLzuD59Un5r1speHm,2017-03-17,single,[],271080,2,22eADXu8DfOAUEDw4vU8qy,1,6,0.24600000000000002,0.708,0.693,0.0,0.129,-5.516,0.138,0.42700000000000005,143.965,4
102,102,Carita de Inocente (feat. Myke Towers) - Remix,Carita de Inocente (feat. Myke Towers) [Remix],Prince Royce,3MHaV05u0io8fQbZ2XPtlC,2020-06-01,single,"['AD', 'AE', 'AL', 'AR', 'AT', 'AU', 'BA', 'BE', 'BG', 'BH', 'BO', 'BR', 'BY', 'CA', 'CH', 'CL', 'CO', 'CR', 'CY', 'CZ', 'DE', 'DK', 'DO', 'DZ', 'EC', 'EE', 'EG', 'ES', 'FI', 'FR', 'GB', 'GR', 'GT', 'HK', 'HN', 'HR', 'HU', 'ID', 'IE', 'IL', 'IN', 'IS', 'IT', 'JO', 'JP', 'KW', 'KZ', 'LB', 'LI', 'LT', 'LU', 'LV', 'MA', 'MC', 'MD', 'ME', 'MK', 'MT', 'MX', 'MY', 'NI', 'NL', 'NO', 'NZ', 'OM', 'PA', 'PE', 'PH', 'PL', 'PS', 'PT', 'PY', 'QA', 'RO', 'RS', 'RU', 'SA', 'SE', 'SG', 'SI', 'SK', 'SV', 'TH', 'TN', 'TR', 'TW', 'UA', 'US', 'UY', 'VN', 'XK', 'ZA']",192698,82,5kQre7o8ky5DXeEPcyaCR1,0,10,0.364,0.565,0.7809999999999999,0.0,0.0984,-3.358,0.061,0.943,129.959,4
103,103,WAP (feat. Megan Thee Stallion),WAP (feat. Megan Thee Stallion),Cardi B,4kYSro6naA4h99UJvo89HB,2020-08-07,single,"['AD', 'AE', 'AL', 'AR', 'AT', 'AU', 'BA', 'BE', 'BG', 'BH', 'BO', 'BR', 'BY', 'CA', 'CH', 'CL', 'CO', 'CR', 'CY', 'CZ', 'DE', 'DK', 'DO', 'DZ', 'EC', 'EE', 'EG', 'ES', 'FI', 'FR', 'GB', 'GR', 'GT', 'HK', 'HN', 'HR', 'HU', 'ID', 'IE', 'IL', 'IN', 'IS', 'IT', 'JO', 'JP', 'KW', 'KZ', 'LB', 'LI', 'LT', 'LU', 'LV', 'MA', 'MC', 'MD', 'ME', 'MK', 'MT', 'MX', 'MY', 'NI', 'NL', 'NO', 'NZ', 'OM', 'PA', 'PE', 'PH', 'PL', 'PS', 'PT', 'PY', 'QA', 'RO', 'RS', 'RU', 'SA', 'SE', 'SG', 'SI', 'SK', 'SV', 'TH', 'TN', 'TR', 'TW', 'UA', 'US', 'UY', 'VN', 'XK', 'ZA']",187541,100,4Oun2ylbjFKMPTiaSbbCih,1,1,0.0194,0.935,0.45399999999999996,0.0,0.0824,-7.5089999999999995,0.375,0.35700000000000004,133.07299999999998,4
104,104,Despeinada,ENOC,Ozuna,1i8SpTcr7yvPOmcqrbnVXY,2020-09-04,album,"['AD', 'AE', 'AL', 'AR', 'AT', 'AU', 'BA', 'BE', 'BG', 'BH', 'BO', 'BR', 'BY', 'CA', 'CH', 'CL', 'CO', 'CR', 'CY', 'CZ', 'DE', 'DK', 'DO', 'DZ', 'EC', 'EE', 'EG', 'ES', 'FI', 'FR', 'GB', 'GR', 'GT', 'HK', 'HN', 'HR', 'HU', 'ID', 'IE', 'IL', 'IN', 'IS', 'IT', 'JO', 'JP', 'KW', 'KZ', 'LB', 'LI', 'LT', 'LU', 'LV', 'MA', 'MC', 'MD', 'ME', 'MK', 'MT', 'MX', 'MY', 'NI', 'NL', 'NO', 'NZ', 'OM', 'PA', 'PE', 'PH', 'PL', 'PS', 'PT', 'PY', 'QA', 'RO', 'RS', 'RU', 'SA', 'SE', 'SG', 'SI', 'SK', 'SV', 'TH', 'TN', 'TR', 'TW', 'UA', 'US', 'UY', 'VN', 'XK', 'ZA']",224186,79,0JAZWvvqttGFm4UMDsPQXC,1,8,0.18600000000000003,0.7340000000000001,0.775,0.000542,0.12300000000000001,-3.855,0.0614,0.72,166.03900000000002,4
105,105,Starboy,Starboy,The Weeknd,1Xyo4u8uXC1ZmMpatF05PJ,2016-11-25,album,[],230453,3,5aAx2yezTd8zXrkmtKl66Z,1,7,0.165,0.6809999999999999,0.594,3.49e-06,0.134,-7.028,0.282,0.535,186.054,4
106,106,"I Don’t Wanna Live Forever (Fifty Shades Darker) - From ""Fifty Shades Darker (Original Motion Picture Soundtrack)""",I Don’t Wanna Live Forever (Fifty Shades Darker),ZAYN,5ZsFI1h6hIdQRw2ti0hz81,2016-12-09,single,[],245200,3,3NdDpSvN911VPGivFlV5d0,1,0,0.0631,0.735,0.451,1.3000000000000001e-05,0.325,-8.374,0.0585,0.0862,117.973,4
